

============================== 10:03:14.632806 | 668f2a07-72b7-4c81-86b7-7967ff2482c8 ==============================
[0m10:03:14.632806 [info ] [Dummy-1   ]: Running with dbt=1.9.4
[0m10:03:14.633775 [debug] [Dummy-1   ]: running dbt with arguments {'printer_width': '80', 'indirect_selection': 'eager', 'write_json': 'True', 'log_cache_events': 'False', 'partial_parse': 'True', 'cache_selected_only': 'False', 'profiles_dir': '/tmp/dbt/', 'fail_fast': 'False', 'version_check': 'True', 'log_path': '/tmp/dbt/logs', 'debug': 'False', 'warn_error': 'None', 'use_colors': 'True', 'use_experimental_parser': 'False', 'no_print': 'None', 'quiet': 'False', 'empty': 'False', 'log_format': 'default', 'introspect': 'True', 'invocation_command': 'dbt ', 'static_parser': 'True', 'target_path': 'None', 'warn_error_options': 'WarnErrorOptions(include=[], exclude=[])', 'send_anonymous_usage_stats': 'False'}
[0m10:03:14.916914 [info ] [Dummy-1   ]: Registered adapter: snowflake=1.9.2
[0m10:03:15.473997 [debug] [Dummy-1   ]: checksum: 53ed91fada2233efb98368d1716b44ab532c83a9c293cf1890b7905d5b45fb25, vars: {}, profile: , target: dev, version: 1.9.4
[0m10:03:15.475464 [info ] [Dummy-1   ]: Unable to do partial parsing because saved manifest not found. Starting full parse.
[0m10:03:16.603745 [warn ] [Dummy-1   ]: [[33mWARNING[0m]: Did not find matching node for patch with name 'raw_appointments' in the 'seeds' section of file 'seeds/seeds.yml'
[0m10:03:16.605412 [warn ] [Dummy-1   ]: [[33mWARNING[0m]: Did not find matching node for patch with name 'raw_doctors' in the 'seeds' section of file 'seeds/seeds.yml'
[0m10:03:17.031454 [warn ] [Dummy-1   ]: [[33mWARNING[0m]: Test 'test.sdg_flashtalk_demo.not_null_raw_appointments_patient_id.c40198de74' (seeds/seeds.yml) depends on a node named 'raw_appointments' in package '' which was not found
[0m10:03:17.032216 [warn ] [Dummy-1   ]: [[33mWARNING[0m]: Test 'test.sdg_flashtalk_demo.unique_raw_appointments_patient_id.8b359206cf' (seeds/seeds.yml) depends on a node named 'raw_appointments' in package '' which was not found
[0m10:03:17.032822 [warn ] [Dummy-1   ]: [[33mWARNING[0m]: Test 'test.sdg_flashtalk_demo.not_null_raw_appointments_doctor_id.6bee5e617f' (seeds/seeds.yml) depends on a node named 'raw_appointments' in package '' which was not found
[0m10:03:17.033403 [warn ] [Dummy-1   ]: [[33mWARNING[0m]: Test 'test.sdg_flashtalk_demo.not_null_raw_doctors_doctor_id.a9f1de9342' (seeds/seeds.yml) depends on a node named 'raw_doctors' in package '' which was not found
[0m10:03:17.033967 [warn ] [Dummy-1   ]: [[33mWARNING[0m]: Test 'test.sdg_flashtalk_demo.unique_raw_doctors_doctor_id.83b0c15ad3' (seeds/seeds.yml) depends on a node named 'raw_doctors' in package '' which was not found
[0m10:03:17.357301 [debug] [Dummy-1   ]: Wrote artifact WritableManifest to /tmp/dbt/target/manifest.json
[0m10:03:17.359711 [debug] [Dummy-1   ]: Wrote artifact SemanticManifest to /tmp/dbt/target/semantic_manifest.json
[0m10:03:17.427522 [info ] [Dummy-1   ]: Found 7 models, 35 data tests, 2 sources, 475 macros
[0m10:03:17.430931 [info ] [Dummy-1   ]: 
[0m10:03:17.431507 [info ] [Dummy-1   ]: Concurrency: 4 threads (target='dev')
[0m10:03:17.431996 [info ] [Dummy-1   ]: 
[0m10:03:17.432751 [debug] [Dummy-1   ]: Acquiring new snowflake connection 'master'
[0m10:03:17.435151 [debug] [ThreadPool]: Acquiring new snowflake connection 'list_SDG_FLASHTALK_GLD'
[0m10:03:17.520659 [debug] [ThreadPool]: Using snowflake connection "list_SDG_FLASHTALK_GLD"
[0m10:03:17.521280 [debug] [ThreadPool]: On list_SDG_FLASHTALK_GLD: /* {"app": "dbt", "dbt_version": "1.9.4", "profile_name": "sdg_flashtalk_demo", "target_name": "dev", "connection_name": "list_SDG_FLASHTALK_GLD"} */
show terse schemas in database SDG_FLASHTALK_GLD
    limit 10000
[0m10:03:17.521784 [debug] [ThreadPool]: Opening a new connection, currently in state init
[0m10:03:18.298072 [debug] [ThreadPool]: SQL status: SUCCESS 3 in 0.776 seconds
[0m10:03:18.307343 [debug] [ThreadPool]: Re-using an available connection from the pool (formerly list_SDG_FLASHTALK_GLD, now list_SDG_FLASHTALK_SLV_BASE)
[0m10:03:18.309399 [debug] [ThreadPool]: Acquiring new snowflake connection 'list_SDG_FLASHTALK_SLV_APPOINTMENTS'
[0m10:03:18.311341 [debug] [ThreadPool]: Acquiring new snowflake connection 'list_SDG_FLASHTALK_SLV_DOCTORS'
[0m10:03:18.326286 [debug] [ThreadPool]: Using snowflake connection "list_SDG_FLASHTALK_SLV_BASE"
[0m10:03:18.327457 [debug] [ThreadPool]: Acquiring new snowflake connection 'list_SDG_FLASHTALK_BRZ_SOURCE_A'
[0m10:03:18.331461 [debug] [ThreadPool]: Using snowflake connection "list_SDG_FLASHTALK_SLV_APPOINTMENTS"
[0m10:03:18.335392 [debug] [ThreadPool]: Using snowflake connection "list_SDG_FLASHTALK_SLV_DOCTORS"
[0m10:03:18.336010 [debug] [ThreadPool]: On list_SDG_FLASHTALK_SLV_BASE: /* {"app": "dbt", "dbt_version": "1.9.4", "profile_name": "sdg_flashtalk_demo", "target_name": "dev", "connection_name": "list_SDG_FLASHTALK_SLV_BASE"} */
alter session set quoted_identifiers_ignore_case = false;
[0m10:03:18.339819 [debug] [ThreadPool]: Using snowflake connection "list_SDG_FLASHTALK_BRZ_SOURCE_A"
[0m10:03:18.340375 [debug] [ThreadPool]: On list_SDG_FLASHTALK_SLV_APPOINTMENTS: /* {"app": "dbt", "dbt_version": "1.9.4", "profile_name": "sdg_flashtalk_demo", "target_name": "dev", "connection_name": "list_SDG_FLASHTALK_SLV_APPOINTMENTS"} */
alter session set quoted_identifiers_ignore_case = false;
[0m10:03:18.340906 [debug] [ThreadPool]: On list_SDG_FLASHTALK_SLV_DOCTORS: /* {"app": "dbt", "dbt_version": "1.9.4", "profile_name": "sdg_flashtalk_demo", "target_name": "dev", "connection_name": "list_SDG_FLASHTALK_SLV_DOCTORS"} */
alter session set quoted_identifiers_ignore_case = false;
[0m10:03:18.341438 [debug] [ThreadPool]: Opening a new connection, currently in state init
[0m10:03:18.341933 [debug] [ThreadPool]: On list_SDG_FLASHTALK_BRZ_SOURCE_A: /* {"app": "dbt", "dbt_version": "1.9.4", "profile_name": "sdg_flashtalk_demo", "target_name": "dev", "connection_name": "list_SDG_FLASHTALK_BRZ_SOURCE_A"} */
alter session set quoted_identifiers_ignore_case = false;
[0m10:03:18.342425 [debug] [ThreadPool]: Opening a new connection, currently in state init
[0m10:03:18.342972 [debug] [ThreadPool]: Opening a new connection, currently in state init
[0m10:03:18.343687 [debug] [ThreadPool]: Opening a new connection, currently in state init
[0m10:03:18.835502 [debug] [ThreadPool]: SQL status: SUCCESS 1 in 0.492 seconds
[0m10:03:18.840928 [debug] [ThreadPool]: Using snowflake connection "list_SDG_FLASHTALK_SLV_DOCTORS"
[0m10:03:18.841565 [debug] [ThreadPool]: On list_SDG_FLASHTALK_SLV_DOCTORS: /* {"app": "dbt", "dbt_version": "1.9.4", "profile_name": "sdg_flashtalk_demo", "target_name": "dev", "connection_name": "list_SDG_FLASHTALK_SLV_DOCTORS"} */
show objects in SDG_FLASHTALK_SLV.DOCTORS
    limit 10000
    
;
[0m10:03:18.855205 [debug] [ThreadPool]: SQL status: SUCCESS 1 in 0.513 seconds
[0m10:03:18.857238 [debug] [ThreadPool]: Using snowflake connection "list_SDG_FLASHTALK_SLV_APPOINTMENTS"
[0m10:03:18.857781 [debug] [ThreadPool]: On list_SDG_FLASHTALK_SLV_APPOINTMENTS: /* {"app": "dbt", "dbt_version": "1.9.4", "profile_name": "sdg_flashtalk_demo", "target_name": "dev", "connection_name": "list_SDG_FLASHTALK_SLV_APPOINTMENTS"} */
show objects in SDG_FLASHTALK_SLV.APPOINTMENTS
    limit 10000
    
;
[0m10:03:18.878939 [debug] [ThreadPool]: SQL status: SUCCESS 1 in 0.535 seconds
[0m10:03:18.881032 [debug] [ThreadPool]: Using snowflake connection "list_SDG_FLASHTALK_BRZ_SOURCE_A"
[0m10:03:18.881560 [debug] [ThreadPool]: On list_SDG_FLASHTALK_BRZ_SOURCE_A: /* {"app": "dbt", "dbt_version": "1.9.4", "profile_name": "sdg_flashtalk_demo", "target_name": "dev", "connection_name": "list_SDG_FLASHTALK_BRZ_SOURCE_A"} */
show objects in SDG_FLASHTALK_BRZ.SOURCE_A
    limit 10000
    
;
[0m10:03:18.925670 [debug] [ThreadPool]: SQL status: SUCCESS 0 in 0.082 seconds
[0m10:03:18.927769 [debug] [ThreadPool]: Using snowflake connection "list_SDG_FLASHTALK_SLV_DOCTORS"
[0m10:03:18.928340 [debug] [ThreadPool]: On list_SDG_FLASHTALK_SLV_DOCTORS: /* {"app": "dbt", "dbt_version": "1.9.4", "profile_name": "sdg_flashtalk_demo", "target_name": "dev", "connection_name": "list_SDG_FLASHTALK_SLV_DOCTORS"} */
alter session unset quoted_identifiers_ignore_case;
[0m10:03:18.930350 [debug] [ThreadPool]: SQL status: SUCCESS 1 in 0.589 seconds
[0m10:03:18.932278 [debug] [ThreadPool]: Using snowflake connection "list_SDG_FLASHTALK_SLV_BASE"
[0m10:03:18.932774 [debug] [ThreadPool]: On list_SDG_FLASHTALK_SLV_BASE: /* {"app": "dbt", "dbt_version": "1.9.4", "profile_name": "sdg_flashtalk_demo", "target_name": "dev", "connection_name": "list_SDG_FLASHTALK_SLV_BASE"} */
show objects in SDG_FLASHTALK_SLV.BASE
    limit 10000
    
;
[0m10:03:18.942463 [debug] [ThreadPool]: SQL status: SUCCESS 0 in 0.084 seconds
[0m10:03:18.944492 [debug] [ThreadPool]: Using snowflake connection "list_SDG_FLASHTALK_SLV_APPOINTMENTS"
[0m10:03:18.945044 [debug] [ThreadPool]: On list_SDG_FLASHTALK_SLV_APPOINTMENTS: /* {"app": "dbt", "dbt_version": "1.9.4", "profile_name": "sdg_flashtalk_demo", "target_name": "dev", "connection_name": "list_SDG_FLASHTALK_SLV_APPOINTMENTS"} */
alter session unset quoted_identifiers_ignore_case;
[0m10:03:19.026094 [debug] [ThreadPool]: SQL status: SUCCESS 0 in 0.093 seconds
[0m10:03:19.028473 [debug] [ThreadPool]: Using snowflake connection "list_SDG_FLASHTALK_SLV_BASE"
[0m10:03:19.029036 [debug] [ThreadPool]: On list_SDG_FLASHTALK_SLV_BASE: /* {"app": "dbt", "dbt_version": "1.9.4", "profile_name": "sdg_flashtalk_demo", "target_name": "dev", "connection_name": "list_SDG_FLASHTALK_SLV_BASE"} */
alter session unset quoted_identifiers_ignore_case;
[0m10:03:19.036171 [debug] [ThreadPool]: SQL status: SUCCESS 1 in 0.107 seconds
[0m10:03:19.038162 [debug] [ThreadPool]: Re-using an available connection from the pool (formerly list_SDG_FLASHTALK_SLV_DOCTORS, now list_SDG_FLASHTALK_BRZ_SOURCE_B)
[0m10:03:19.042136 [debug] [ThreadPool]: Using snowflake connection "list_SDG_FLASHTALK_BRZ_SOURCE_B"
[0m10:03:19.043111 [debug] [ThreadPool]: SQL status: SUCCESS 1 in 0.161 seconds
[0m10:03:19.043661 [debug] [ThreadPool]: On list_SDG_FLASHTALK_BRZ_SOURCE_B: /* {"app": "dbt", "dbt_version": "1.9.4", "profile_name": "sdg_flashtalk_demo", "target_name": "dev", "connection_name": "list_SDG_FLASHTALK_BRZ_SOURCE_B"} */
alter session set quoted_identifiers_ignore_case = false;
[0m10:03:19.044369 [debug] [ThreadPool]: SQL status: SUCCESS 1 in 0.099 seconds
[0m10:03:19.046315 [debug] [ThreadPool]: Using snowflake connection "list_SDG_FLASHTALK_BRZ_SOURCE_A"
[0m10:03:19.046840 [debug] [ThreadPool]: Opening a new connection, currently in state init
[0m10:03:19.048702 [debug] [ThreadPool]: Re-using an available connection from the pool (formerly list_SDG_FLASHTALK_SLV_APPOINTMENTS, now list_SDG_FLASHTALK_GLD_ANALYTICS)
[0m10:03:19.049298 [debug] [ThreadPool]: On list_SDG_FLASHTALK_BRZ_SOURCE_A: /* {"app": "dbt", "dbt_version": "1.9.4", "profile_name": "sdg_flashtalk_demo", "target_name": "dev", "connection_name": "list_SDG_FLASHTALK_BRZ_SOURCE_A"} */
alter session unset quoted_identifiers_ignore_case;
[0m10:03:19.053430 [debug] [ThreadPool]: Using snowflake connection "list_SDG_FLASHTALK_GLD_ANALYTICS"
[0m10:03:19.054283 [debug] [ThreadPool]: On list_SDG_FLASHTALK_GLD_ANALYTICS: /* {"app": "dbt", "dbt_version": "1.9.4", "profile_name": "sdg_flashtalk_demo", "target_name": "dev", "connection_name": "list_SDG_FLASHTALK_GLD_ANALYTICS"} */
alter session set quoted_identifiers_ignore_case = false;
[0m10:03:19.054731 [debug] [ThreadPool]: Opening a new connection, currently in state init
[0m10:03:19.121785 [debug] [ThreadPool]: SQL status: SUCCESS 1 in 0.092 seconds
[0m10:03:19.136888 [debug] [ThreadPool]: SQL status: SUCCESS 1 in 0.083 seconds
[0m10:03:19.736186 [debug] [ThreadPool]: SQL status: SUCCESS 1 in 0.689 seconds
[0m10:03:19.738240 [debug] [ThreadPool]: Using snowflake connection "list_SDG_FLASHTALK_BRZ_SOURCE_B"
[0m10:03:19.738778 [debug] [ThreadPool]: On list_SDG_FLASHTALK_BRZ_SOURCE_B: /* {"app": "dbt", "dbt_version": "1.9.4", "profile_name": "sdg_flashtalk_demo", "target_name": "dev", "connection_name": "list_SDG_FLASHTALK_BRZ_SOURCE_B"} */
show objects in SDG_FLASHTALK_BRZ.SOURCE_B
    limit 10000
    
;
[0m10:03:19.744827 [debug] [ThreadPool]: SQL status: SUCCESS 1 in 0.690 seconds
[0m10:03:19.746728 [debug] [ThreadPool]: Using snowflake connection "list_SDG_FLASHTALK_GLD_ANALYTICS"
[0m10:03:19.747293 [debug] [ThreadPool]: On list_SDG_FLASHTALK_GLD_ANALYTICS: /* {"app": "dbt", "dbt_version": "1.9.4", "profile_name": "sdg_flashtalk_demo", "target_name": "dev", "connection_name": "list_SDG_FLASHTALK_GLD_ANALYTICS"} */
show objects in SDG_FLASHTALK_GLD.ANALYTICS
    limit 10000
    
;
[0m10:03:19.823640 [debug] [ThreadPool]: SQL status: SUCCESS 1 in 0.084 seconds
[0m10:03:19.825770 [debug] [ThreadPool]: Using snowflake connection "list_SDG_FLASHTALK_BRZ_SOURCE_B"
[0m10:03:19.826307 [debug] [ThreadPool]: On list_SDG_FLASHTALK_BRZ_SOURCE_B: /* {"app": "dbt", "dbt_version": "1.9.4", "profile_name": "sdg_flashtalk_demo", "target_name": "dev", "connection_name": "list_SDG_FLASHTALK_BRZ_SOURCE_B"} */
alter session unset quoted_identifiers_ignore_case;
[0m10:03:19.849473 [debug] [ThreadPool]: SQL status: SUCCESS 0 in 0.102 seconds
[0m10:03:19.851456 [debug] [ThreadPool]: Using snowflake connection "list_SDG_FLASHTALK_GLD_ANALYTICS"
[0m10:03:19.851979 [debug] [ThreadPool]: On list_SDG_FLASHTALK_GLD_ANALYTICS: /* {"app": "dbt", "dbt_version": "1.9.4", "profile_name": "sdg_flashtalk_demo", "target_name": "dev", "connection_name": "list_SDG_FLASHTALK_GLD_ANALYTICS"} */
alter session unset quoted_identifiers_ignore_case;
[0m10:03:19.912002 [debug] [ThreadPool]: SQL status: SUCCESS 1 in 0.085 seconds
[0m10:03:19.920211 [debug] [ThreadPool]: SQL status: SUCCESS 1 in 0.068 seconds
[0m10:03:19.933232 [debug] [Thread-2 (]: Began running node model.sdg_flashtalk_demo.gld_doctor_metrics
[0m10:03:19.934118 [info ] [Thread-2 (]: 1 of 7 START sql table model SDG_FLASHTALK_GLD.ANALYTICS.gld_doctor_metrics .... [RUN]
[0m10:03:19.934946 [debug] [Thread-2 (]: Re-using an available connection from the pool (formerly list_SDG_FLASHTALK_SLV_BASE, now model.sdg_flashtalk_demo.gld_doctor_metrics)
[0m10:03:19.935508 [debug] [Thread-2 (]: Began compiling node model.sdg_flashtalk_demo.gld_doctor_metrics
[0m10:03:19.945182 [debug] [Thread-2 (]: Writing injected SQL for node "model.sdg_flashtalk_demo.gld_doctor_metrics"
[0m10:03:19.946079 [debug] [Thread-2 (]: Began executing node model.sdg_flashtalk_demo.gld_doctor_metrics
[0m10:03:19.980998 [debug] [Thread-2 (]: Writing runtime sql for node "model.sdg_flashtalk_demo.gld_doctor_metrics"
[0m10:03:19.983415 [debug] [Thread-2 (]: Using snowflake connection "model.sdg_flashtalk_demo.gld_doctor_metrics"
[0m10:03:19.984104 [debug] [Thread-2 (]: On model.sdg_flashtalk_demo.gld_doctor_metrics: /* {"app": "dbt", "dbt_version": "1.9.4", "profile_name": "sdg_flashtalk_demo", "target_name": "dev", "node_id": "model.sdg_flashtalk_demo.gld_doctor_metrics"} */
create or replace transient table SDG_FLASHTALK_GLD.ANALYTICS.gld_doctor_metrics
         as
        (-- GOLD | Analytics — one row per provider. Consumption-ready aggregate that
-- backs the semantic view and the Cortex agent.

WITH appointments AS (
    SELECT * FROM SDG_FLASHTALK_SLV.APPOINTMENTS.slv_appointments
),

doctors AS (
    SELECT * FROM SDG_FLASHTALK_SLV.DOCTORS.slv_doctors
)

SELECT
    a.doctor_id,
    d.doctor_name,
    d.specialty,
    d.department,
    COUNT(*)                                                            AS total_appointments,
    SUM(CASE WHEN a.status = 'completed' THEN 1 ELSE 0 END)             AS completed,
    SUM(CASE WHEN a.status = 'cancelled' THEN 1 ELSE 0 END)             AS cancelled,
    SUM(CASE WHEN a.status = 'scheduled' THEN 1 ELSE 0 END)             AS scheduled,
    ROUND(SUM(CASE WHEN a.status = 'completed' THEN 1 ELSE 0 END)
          / NULLIF(COUNT(*), 0) * 100, 1)                               AS completion_rate_pct,
    ROUND(SUM(CASE WHEN a.status = 'cancelled' THEN 1 ELSE 0 END)
          / NULLIF(COUNT(*), 0) * 100, 1)                               AS cancellation_rate_pct,
    COUNT(DISTINCT a.appointment_date)                                   AS active_days,
    ROUND(COUNT(*) / NULLIF(COUNT(DISTINCT a.appointment_date), 0), 1)   AS avg_appointments_per_day
FROM appointments a
JOIN doctors d ON a.doctor_id = d.doctor_id
GROUP BY a.doctor_id, d.doctor_name, d.specialty, d.department
        );
[0m10:03:19.984694 [debug] [Thread-2 (]: Opening a new connection, currently in state init
[0m10:03:20.609971 [debug] [Thread-2 (]: Snowflake adapter: Snowflake query id: 01c65dbf-0107-6b54-0010-029e00021dba
[0m10:03:20.610634 [debug] [Thread-2 (]: Snowflake adapter: Snowflake error: 002003 (42S02): SQL compilation error:
Object 'SDG_FLASHTALK_SLV.APPOINTMENTS.SLV_APPOINTMENTS' does not exist or not authorized.
[0m10:03:20.614684 [debug] [Thread-2 (]: Database Error in model gld_doctor_metrics (models/gld/analytics/gld_doctor_metrics.sql)
  002003 (42S02): SQL compilation error:
  Object 'SDG_FLASHTALK_SLV.APPOINTMENTS.SLV_APPOINTMENTS' does not exist or not authorized.
  compiled code at target/run/sdg_flashtalk_demo/models/gld/analytics/gld_doctor_metrics.sql
[0m10:03:20.617489 [error] [Thread-2 (]: 1 of 7 ERROR creating sql table model SDG_FLASHTALK_GLD.ANALYTICS.gld_doctor_metrics  [[31mERROR[0m in 0.68s]
[0m10:03:20.618281 [debug] [Thread-2 (]: Finished running node model.sdg_flashtalk_demo.gld_doctor_metrics
[0m10:03:20.619182 [debug] [Thread-8 (]: Marking all children of 'model.sdg_flashtalk_demo.gld_doctor_metrics' to be skipped because of status 'error'.  Reason: Database Error in model gld_doctor_metrics (models/gld/analytics/gld_doctor_metrics.sql)
  002003 (42S02): SQL compilation error:
  Object 'SDG_FLASHTALK_SLV.APPOINTMENTS.SLV_APPOINTMENTS' does not exist or not authorized.
  compiled code at target/run/sdg_flashtalk_demo/models/gld/analytics/gld_doctor_metrics.sql.
[0m10:03:20.620938 [debug] [Thread-4 (]: Began running node test.sdg_flashtalk_demo.not_null_gld_doctor_metrics_completion_rate_pct.a7c940652f
[0m10:03:20.621543 [debug] [Thread-5 (]: Began running node test.sdg_flashtalk_demo.not_null_gld_doctor_metrics_doctor_id.74244842e6
[0m10:03:20.622195 [debug] [Thread-3 (]: Began running node test.sdg_flashtalk_demo.not_null_gld_doctor_metrics_doctor_name.71fbf5303f
[0m10:03:20.622754 [debug] [Thread-2 (]: Began running node test.sdg_flashtalk_demo.not_null_gld_doctor_metrics_total_appointments.149fc5af7d
[0m10:03:20.623531 [info ] [Thread-4 (]: 2 of 7 SKIP test not_null_gld_doctor_metrics_completion_rate_pct ............... [[33mSKIP[0m]
[0m10:03:20.624213 [info ] [Thread-5 (]: 3 of 7 SKIP test not_null_gld_doctor_metrics_doctor_id ......................... [[33mSKIP[0m]
[0m10:03:20.624881 [info ] [Thread-3 (]: 4 of 7 SKIP test not_null_gld_doctor_metrics_doctor_name ....................... [[33mSKIP[0m]
[0m10:03:20.625527 [info ] [Thread-2 (]: 5 of 7 SKIP test not_null_gld_doctor_metrics_total_appointments ................ [[33mSKIP[0m]
[0m10:03:20.626171 [debug] [Thread-4 (]: Finished running node test.sdg_flashtalk_demo.not_null_gld_doctor_metrics_completion_rate_pct.a7c940652f
[0m10:03:20.626767 [debug] [Thread-5 (]: Finished running node test.sdg_flashtalk_demo.not_null_gld_doctor_metrics_doctor_id.74244842e6
[0m10:03:20.627421 [debug] [Thread-3 (]: Finished running node test.sdg_flashtalk_demo.not_null_gld_doctor_metrics_doctor_name.71fbf5303f
[0m10:03:20.628000 [debug] [Thread-2 (]: Finished running node test.sdg_flashtalk_demo.not_null_gld_doctor_metrics_total_appointments.149fc5af7d
[0m10:03:20.628644 [debug] [Thread-4 (]: Began running node test.sdg_flashtalk_demo.unique_gld_doctor_metrics_doctor_id.2c35446264
[0m10:03:20.629115 [debug] [Thread-8 (]: Marking all children of 'test.sdg_flashtalk_demo.not_null_gld_doctor_metrics_completion_rate_pct.a7c940652f' to be skipped because of status 'skipped'. 
[0m10:03:20.629695 [debug] [Thread-5 (]: Began running node test.sdg_flashtalk_demo.unique_gld_doctor_metrics_doctor_name.df49515ccb
[0m10:03:20.630461 [info ] [Thread-4 (]: 6 of 7 SKIP test unique_gld_doctor_metrics_doctor_id ........................... [[33mSKIP[0m]
[0m10:03:20.631249 [debug] [Thread-8 (]: Marking all children of 'test.sdg_flashtalk_demo.not_null_gld_doctor_metrics_doctor_id.74244842e6' to be skipped because of status 'skipped'. 
[0m10:03:20.631843 [info ] [Thread-5 (]: 7 of 7 SKIP test unique_gld_doctor_metrics_doctor_name ......................... [[33mSKIP[0m]
[0m10:03:20.632470 [debug] [Thread-4 (]: Finished running node test.sdg_flashtalk_demo.unique_gld_doctor_metrics_doctor_id.2c35446264
[0m10:03:20.633057 [debug] [Thread-8 (]: Marking all children of 'test.sdg_flashtalk_demo.not_null_gld_doctor_metrics_doctor_name.71fbf5303f' to be skipped because of status 'skipped'. 
[0m10:03:20.633609 [debug] [Thread-5 (]: Finished running node test.sdg_flashtalk_demo.unique_gld_doctor_metrics_doctor_name.df49515ccb
[0m10:03:20.634283 [debug] [Thread-8 (]: Marking all children of 'test.sdg_flashtalk_demo.not_null_gld_doctor_metrics_total_appointments.149fc5af7d' to be skipped because of status 'skipped'. 
[0m10:03:20.635010 [debug] [Thread-8 (]: Marking all children of 'test.sdg_flashtalk_demo.unique_gld_doctor_metrics_doctor_id.2c35446264' to be skipped because of status 'skipped'. 
[0m10:03:20.635558 [debug] [Thread-8 (]: Marking all children of 'test.sdg_flashtalk_demo.unique_gld_doctor_metrics_doctor_name.df49515ccb' to be skipped because of status 'skipped'. 
[0m10:03:20.638281 [debug] [Dummy-1   ]: Connection 'master' was properly closed.
[0m10:03:20.638782 [debug] [Dummy-1   ]: Connection 'model.sdg_flashtalk_demo.gld_doctor_metrics' was properly closed.
[0m10:03:20.639336 [debug] [Dummy-1   ]: Connection 'list_SDG_FLASHTALK_GLD_ANALYTICS' was properly closed.
[0m10:03:20.639784 [debug] [Dummy-1   ]: Connection 'list_SDG_FLASHTALK_BRZ_SOURCE_B' was properly closed.
[0m10:03:20.640207 [debug] [Dummy-1   ]: Connection 'list_SDG_FLASHTALK_BRZ_SOURCE_A' was properly closed.
[0m10:03:20.640766 [info ] [Dummy-1   ]: 
[0m10:03:20.641299 [info ] [Dummy-1   ]: Finished running 1 table model, 6 data tests in 0 hours 0 minutes and 3.21 seconds (3.21s).
[0m10:03:20.642302 [debug] [Dummy-1   ]: Command end result
[0m10:03:20.673075 [debug] [Dummy-1   ]: Wrote artifact WritableManifest to /tmp/dbt/target/manifest.json
[0m10:03:20.675197 [debug] [Dummy-1   ]: Wrote artifact SemanticManifest to /tmp/dbt/target/semantic_manifest.json
[0m10:03:20.681384 [debug] [Dummy-1   ]: Wrote artifact RunExecutionResult to /tmp/dbt/target/run_results.json
[0m10:03:20.681933 [info ] [Dummy-1   ]: 
[0m10:03:20.682531 [info ] [Dummy-1   ]: [31mCompleted with 1 error, 0 partial successes, and 0 warnings:[0m
[0m10:03:20.683123 [info ] [Dummy-1   ]: 
[0m10:03:20.683735 [error] [Dummy-1   ]:   Database Error in model gld_doctor_metrics (models/gld/analytics/gld_doctor_metrics.sql)
  002003 (42S02): SQL compilation error:
  Object 'SDG_FLASHTALK_SLV.APPOINTMENTS.SLV_APPOINTMENTS' does not exist or not authorized.
  compiled code at target/run/sdg_flashtalk_demo/models/gld/analytics/gld_doctor_metrics.sql
[0m10:03:20.684209 [info ] [Dummy-1   ]: 
[0m10:03:20.684714 [info ] [Dummy-1   ]: Done. PASS=0 WARN=0 ERROR=1 SKIP=6 TOTAL=7
[0m10:03:20.686527 [debug] [Dummy-1   ]: Resource report: {"command_name": "build", "command_success": false, "command_wall_clock_time": 6.129975, "process_in_blocks": "0", "process_kernel_time": 0.91, "process_mem_max_rss": "522100", "process_out_blocks": "0", "process_user_time": 5.77}
[0m10:03:20.687264 [debug] [Dummy-1   ]: Command `cli build` failed at 10:03:20.686986 after 6.13 seconds
[0m10:03:20.687819 [debug] [Dummy-1   ]: Flushing usage events


============================== 10:06:03.743494 | faeb00cf-f56c-417b-bbdf-7e4bdb6c2513 ==============================
[0m10:06:03.743494 [info ] [Dummy-1   ]: Running with dbt=1.9.4
[0m10:06:03.744463 [debug] [Dummy-1   ]: running dbt with arguments {'printer_width': '80', 'indirect_selection': 'eager', 'write_json': 'True', 'log_cache_events': 'False', 'partial_parse': 'True', 'cache_selected_only': 'False', 'profiles_dir': '/tmp/dbt/', 'fail_fast': 'False', 'debug': 'False', 'log_path': '/tmp/dbt/logs', 'version_check': 'True', 'warn_error': 'None', 'use_colors': 'True', 'use_experimental_parser': 'False', 'no_print': 'None', 'quiet': 'False', 'empty': 'False', 'log_format': 'default', 'invocation_command': 'dbt ', 'introspect': 'True', 'warn_error_options': 'WarnErrorOptions(include=[], exclude=[])', 'target_path': 'None', 'static_parser': 'True', 'send_anonymous_usage_stats': 'False'}
[0m10:06:04.032341 [info ] [Dummy-1   ]: Registered adapter: snowflake=1.9.2
[0m10:06:04.578420 [debug] [Dummy-1   ]: checksum: 53ed91fada2233efb98368d1716b44ab532c83a9c293cf1890b7905d5b45fb25, vars: {}, profile: , target: dev, version: 1.9.4
[0m10:06:04.890442 [debug] [Dummy-1   ]: Partial parsing enabled: 0 files deleted, 0 files added, 0 files changed.
[0m10:06:04.891147 [debug] [Dummy-1   ]: Partial parsing enabled, no changes found, skipping parsing
[0m10:06:05.039687 [debug] [Dummy-1   ]: Wrote artifact WritableManifest to /tmp/dbt/target/manifest.json
[0m10:06:05.042037 [debug] [Dummy-1   ]: Wrote artifact SemanticManifest to /tmp/dbt/target/semantic_manifest.json
[0m10:06:05.111429 [info ] [Dummy-1   ]: Found 7 models, 35 data tests, 2 sources, 475 macros
[0m10:06:05.117550 [info ] [Dummy-1   ]: 
[0m10:06:05.118194 [info ] [Dummy-1   ]: Concurrency: 4 threads (target='dev')
[0m10:06:05.119255 [info ] [Dummy-1   ]: 
[0m10:06:05.120154 [debug] [Dummy-1   ]: Acquiring new snowflake connection 'master'
[0m10:06:05.127270 [debug] [ThreadPool]: Acquiring new snowflake connection 'list_SDG_FLASHTALK_GLD'
[0m10:06:05.130120 [debug] [ThreadPool]: Acquiring new snowflake connection 'list_SDG_FLASHTALK_BRZ'
[0m10:06:05.132433 [debug] [ThreadPool]: Acquiring new snowflake connection 'list_SDG_FLASHTALK_BRZ'
[0m10:06:05.138730 [debug] [ThreadPool]: Acquiring new snowflake connection 'list_SDG_FLASHTALK_SLV'
[0m10:06:05.252538 [debug] [ThreadPool]: Using snowflake connection "list_SDG_FLASHTALK_GLD"
[0m10:06:05.253247 [debug] [ThreadPool]: Using snowflake connection "list_SDG_FLASHTALK_BRZ"
[0m10:06:05.253914 [debug] [ThreadPool]: Using snowflake connection "list_SDG_FLASHTALK_BRZ"
[0m10:06:05.254631 [debug] [ThreadPool]: Using snowflake connection "list_SDG_FLASHTALK_SLV"
[0m10:06:05.255149 [debug] [ThreadPool]: On list_SDG_FLASHTALK_GLD: /* {"app": "dbt", "dbt_version": "1.9.4", "profile_name": "sdg_flashtalk_demo", "target_name": "dev", "connection_name": "list_SDG_FLASHTALK_GLD"} */
show terse schemas in database SDG_FLASHTALK_GLD
    limit 10000
[0m10:06:05.255670 [debug] [ThreadPool]: On list_SDG_FLASHTALK_BRZ: /* {"app": "dbt", "dbt_version": "1.9.4", "profile_name": "sdg_flashtalk_demo", "target_name": "dev", "connection_name": "list_SDG_FLASHTALK_BRZ"} */
show terse schemas in database SDG_FLASHTALK_BRZ
    limit 10000
[0m10:06:05.256240 [debug] [ThreadPool]: On list_SDG_FLASHTALK_BRZ: /* {"app": "dbt", "dbt_version": "1.9.4", "profile_name": "sdg_flashtalk_demo", "target_name": "dev", "connection_name": "list_SDG_FLASHTALK_BRZ"} */
show terse schemas in database SDG_FLASHTALK_BRZ
    limit 10000
[0m10:06:05.256770 [debug] [ThreadPool]: On list_SDG_FLASHTALK_SLV: /* {"app": "dbt", "dbt_version": "1.9.4", "profile_name": "sdg_flashtalk_demo", "target_name": "dev", "connection_name": "list_SDG_FLASHTALK_SLV"} */
show terse schemas in database SDG_FLASHTALK_SLV
    limit 10000
[0m10:06:05.257276 [debug] [ThreadPool]: Opening a new connection, currently in state init
[0m10:06:05.257703 [debug] [ThreadPool]: Opening a new connection, currently in state init
[0m10:06:05.258144 [debug] [ThreadPool]: Opening a new connection, currently in state init
[0m10:06:05.258678 [debug] [ThreadPool]: Opening a new connection, currently in state init
[0m10:06:05.897258 [debug] [ThreadPool]: SQL status: SUCCESS 4 in 0.639 seconds
[0m10:06:05.899571 [debug] [ThreadPool]: Re-using an available connection from the pool (formerly list_SDG_FLASHTALK_BRZ, now list_SDG_FLASHTALK_SLV)
[0m10:06:05.903626 [debug] [ThreadPool]: Using snowflake connection "list_SDG_FLASHTALK_SLV"
[0m10:06:05.904204 [debug] [ThreadPool]: On list_SDG_FLASHTALK_SLV: /* {"app": "dbt", "dbt_version": "1.9.4", "profile_name": "sdg_flashtalk_demo", "target_name": "dev", "connection_name": "list_SDG_FLASHTALK_SLV"} */
show terse schemas in database SDG_FLASHTALK_SLV
    limit 10000
[0m10:06:05.904648 [debug] [ThreadPool]: Opening a new connection, currently in state init
[0m10:06:05.909182 [debug] [ThreadPool]: SQL status: SUCCESS 5 in 0.650 seconds
[0m10:06:05.914659 [debug] [ThreadPool]: Using snowflake connection "list_SDG_FLASHTALK_SLV"
[0m10:06:05.915284 [debug] [ThreadPool]: On list_SDG_FLASHTALK_SLV: /* {"app": "dbt", "dbt_version": "1.9.4", "profile_name": "sdg_flashtalk_demo", "target_name": "dev", "connection_name": "list_SDG_FLASHTALK_SLV"} */
show terse schemas in database SDG_FLASHTALK_SLV
    limit 10000
[0m10:06:05.915800 [debug] [ThreadPool]: Opening a new connection, currently in state init
[0m10:06:05.916804 [debug] [ThreadPool]: SQL status: SUCCESS 3 in 0.659 seconds
[0m10:06:05.920144 [debug] [ThreadPool]: SQL status: SUCCESS 4 in 0.662 seconds
[0m10:06:06.544685 [debug] [ThreadPool]: SQL status: SUCCESS 5 in 0.629 seconds
[0m10:06:06.558879 [debug] [ThreadPool]: SQL status: SUCCESS 5 in 0.654 seconds
[0m10:06:06.564065 [debug] [ThreadPool]: Acquiring new snowflake connection 'list_SDG_FLASHTALK_SLV_APPOINTMENTS'
[0m10:06:06.565766 [debug] [ThreadPool]: Re-using an available connection from the pool (formerly list_SDG_FLASHTALK_GLD, now list_SDG_FLASHTALK_SLV_DOCTORS)
[0m10:06:06.567416 [debug] [ThreadPool]: Re-using an available connection from the pool (formerly list_SDG_FLASHTALK_SLV, now list_SDG_FLASHTALK_BRZ_SOURCE_B)
[0m10:06:06.583341 [debug] [ThreadPool]: Using snowflake connection "list_SDG_FLASHTALK_SLV_APPOINTMENTS"
[0m10:06:06.584276 [debug] [ThreadPool]: Re-using an available connection from the pool (formerly list_SDG_FLASHTALK_SLV, now list_SDG_FLASHTALK_SLV_BASE)
[0m10:06:06.588327 [debug] [ThreadPool]: Using snowflake connection "list_SDG_FLASHTALK_SLV_DOCTORS"
[0m10:06:06.592212 [debug] [ThreadPool]: Using snowflake connection "list_SDG_FLASHTALK_BRZ_SOURCE_B"
[0m10:06:06.592796 [debug] [ThreadPool]: On list_SDG_FLASHTALK_SLV_APPOINTMENTS: /* {"app": "dbt", "dbt_version": "1.9.4", "profile_name": "sdg_flashtalk_demo", "target_name": "dev", "connection_name": "list_SDG_FLASHTALK_SLV_APPOINTMENTS"} */
alter session set quoted_identifiers_ignore_case = false;
[0m10:06:06.596411 [debug] [ThreadPool]: Using snowflake connection "list_SDG_FLASHTALK_SLV_BASE"
[0m10:06:06.596972 [debug] [ThreadPool]: On list_SDG_FLASHTALK_SLV_DOCTORS: /* {"app": "dbt", "dbt_version": "1.9.4", "profile_name": "sdg_flashtalk_demo", "target_name": "dev", "connection_name": "list_SDG_FLASHTALK_SLV_DOCTORS"} */
alter session set quoted_identifiers_ignore_case = false;
[0m10:06:06.597474 [debug] [ThreadPool]: On list_SDG_FLASHTALK_BRZ_SOURCE_B: /* {"app": "dbt", "dbt_version": "1.9.4", "profile_name": "sdg_flashtalk_demo", "target_name": "dev", "connection_name": "list_SDG_FLASHTALK_BRZ_SOURCE_B"} */
alter session set quoted_identifiers_ignore_case = false;
[0m10:06:06.597955 [debug] [ThreadPool]: Opening a new connection, currently in state init
[0m10:06:06.598434 [debug] [ThreadPool]: On list_SDG_FLASHTALK_SLV_BASE: /* {"app": "dbt", "dbt_version": "1.9.4", "profile_name": "sdg_flashtalk_demo", "target_name": "dev", "connection_name": "list_SDG_FLASHTALK_SLV_BASE"} */
alter session set quoted_identifiers_ignore_case = false;
[0m10:06:06.599003 [debug] [ThreadPool]: Opening a new connection, currently in state init
[0m10:06:06.599471 [debug] [ThreadPool]: Opening a new connection, currently in state init
[0m10:06:06.600062 [debug] [ThreadPool]: Opening a new connection, currently in state init
[0m10:06:07.171170 [debug] [ThreadPool]: SQL status: SUCCESS 1 in 0.571 seconds
[0m10:06:07.175815 [debug] [ThreadPool]: Using snowflake connection "list_SDG_FLASHTALK_SLV_BASE"
[0m10:06:07.176373 [debug] [ThreadPool]: On list_SDG_FLASHTALK_SLV_BASE: /* {"app": "dbt", "dbt_version": "1.9.4", "profile_name": "sdg_flashtalk_demo", "target_name": "dev", "connection_name": "list_SDG_FLASHTALK_SLV_BASE"} */
show objects in SDG_FLASHTALK_SLV.BASE
    limit 10000
    
;
[0m10:06:07.217647 [debug] [ThreadPool]: SQL status: SUCCESS 1 in 0.620 seconds
[0m10:06:07.219743 [debug] [ThreadPool]: Using snowflake connection "list_SDG_FLASHTALK_SLV_APPOINTMENTS"
[0m10:06:07.220271 [debug] [ThreadPool]: On list_SDG_FLASHTALK_SLV_APPOINTMENTS: /* {"app": "dbt", "dbt_version": "1.9.4", "profile_name": "sdg_flashtalk_demo", "target_name": "dev", "connection_name": "list_SDG_FLASHTALK_SLV_APPOINTMENTS"} */
show objects in SDG_FLASHTALK_SLV.APPOINTMENTS
    limit 10000
    
;
[0m10:06:07.232314 [debug] [ThreadPool]: SQL status: SUCCESS 1 in 0.633 seconds
[0m10:06:07.233068 [debug] [ThreadPool]: SQL status: SUCCESS 1 in 0.634 seconds
[0m10:06:07.235087 [debug] [ThreadPool]: Using snowflake connection "list_SDG_FLASHTALK_SLV_DOCTORS"
[0m10:06:07.237334 [debug] [ThreadPool]: Using snowflake connection "list_SDG_FLASHTALK_BRZ_SOURCE_B"
[0m10:06:07.237952 [debug] [ThreadPool]: On list_SDG_FLASHTALK_SLV_DOCTORS: /* {"app": "dbt", "dbt_version": "1.9.4", "profile_name": "sdg_flashtalk_demo", "target_name": "dev", "connection_name": "list_SDG_FLASHTALK_SLV_DOCTORS"} */
show objects in SDG_FLASHTALK_SLV.DOCTORS
    limit 10000
    
;
[0m10:06:07.238600 [debug] [ThreadPool]: On list_SDG_FLASHTALK_BRZ_SOURCE_B: /* {"app": "dbt", "dbt_version": "1.9.4", "profile_name": "sdg_flashtalk_demo", "target_name": "dev", "connection_name": "list_SDG_FLASHTALK_BRZ_SOURCE_B"} */
show objects in SDG_FLASHTALK_BRZ.SOURCE_B
    limit 10000
    
;
[0m10:06:07.282624 [debug] [ThreadPool]: SQL status: SUCCESS 0 in 0.106 seconds
[0m10:06:07.284561 [debug] [ThreadPool]: Using snowflake connection "list_SDG_FLASHTALK_SLV_BASE"
[0m10:06:07.285061 [debug] [ThreadPool]: On list_SDG_FLASHTALK_SLV_BASE: /* {"app": "dbt", "dbt_version": "1.9.4", "profile_name": "sdg_flashtalk_demo", "target_name": "dev", "connection_name": "list_SDG_FLASHTALK_SLV_BASE"} */
alter session unset quoted_identifiers_ignore_case;
[0m10:06:07.300202 [debug] [ThreadPool]: SQL status: SUCCESS 0 in 0.079 seconds
[0m10:06:07.302216 [debug] [ThreadPool]: Using snowflake connection "list_SDG_FLASHTALK_SLV_APPOINTMENTS"
[0m10:06:07.302867 [debug] [ThreadPool]: On list_SDG_FLASHTALK_SLV_APPOINTMENTS: /* {"app": "dbt", "dbt_version": "1.9.4", "profile_name": "sdg_flashtalk_demo", "target_name": "dev", "connection_name": "list_SDG_FLASHTALK_SLV_APPOINTMENTS"} */
alter session unset quoted_identifiers_ignore_case;
[0m10:06:07.340326 [debug] [ThreadPool]: SQL status: SUCCESS 0 in 0.101 seconds
[0m10:06:07.342242 [debug] [ThreadPool]: Using snowflake connection "list_SDG_FLASHTALK_SLV_DOCTORS"
[0m10:06:07.342867 [debug] [ThreadPool]: On list_SDG_FLASHTALK_SLV_DOCTORS: /* {"app": "dbt", "dbt_version": "1.9.4", "profile_name": "sdg_flashtalk_demo", "target_name": "dev", "connection_name": "list_SDG_FLASHTALK_SLV_DOCTORS"} */
alter session unset quoted_identifiers_ignore_case;
[0m10:06:07.354219 [debug] [ThreadPool]: SQL status: SUCCESS 1 in 0.115 seconds
[0m10:06:07.356284 [debug] [ThreadPool]: Using snowflake connection "list_SDG_FLASHTALK_BRZ_SOURCE_B"
[0m10:06:07.356780 [debug] [ThreadPool]: On list_SDG_FLASHTALK_BRZ_SOURCE_B: /* {"app": "dbt", "dbt_version": "1.9.4", "profile_name": "sdg_flashtalk_demo", "target_name": "dev", "connection_name": "list_SDG_FLASHTALK_BRZ_SOURCE_B"} */
alter session unset quoted_identifiers_ignore_case;
[0m10:06:07.411117 [debug] [ThreadPool]: SQL status: SUCCESS 1 in 0.108 seconds
[0m10:06:07.413093 [debug] [ThreadPool]: Re-using an available connection from the pool (formerly list_SDG_FLASHTALK_SLV_APPOINTMENTS, now list_SDG_FLASHTALK_BRZ_SOURCE_A)
[0m10:06:07.418771 [debug] [ThreadPool]: Using snowflake connection "list_SDG_FLASHTALK_BRZ_SOURCE_A"
[0m10:06:07.419360 [debug] [ThreadPool]: On list_SDG_FLASHTALK_BRZ_SOURCE_A: /* {"app": "dbt", "dbt_version": "1.9.4", "profile_name": "sdg_flashtalk_demo", "target_name": "dev", "connection_name": "list_SDG_FLASHTALK_BRZ_SOURCE_A"} */
alter session set quoted_identifiers_ignore_case = false;
[0m10:06:07.419834 [debug] [ThreadPool]: Opening a new connection, currently in state init
[0m10:06:07.420512 [debug] [ThreadPool]: SQL status: SUCCESS 1 in 0.135 seconds
[0m10:06:07.422428 [debug] [ThreadPool]: Re-using an available connection from the pool (formerly list_SDG_FLASHTALK_SLV_BASE, now list_SDG_FLASHTALK_GLD_ANALYTICS)
[0m10:06:07.426123 [debug] [ThreadPool]: Using snowflake connection "list_SDG_FLASHTALK_GLD_ANALYTICS"
[0m10:06:07.426716 [debug] [ThreadPool]: On list_SDG_FLASHTALK_GLD_ANALYTICS: /* {"app": "dbt", "dbt_version": "1.9.4", "profile_name": "sdg_flashtalk_demo", "target_name": "dev", "connection_name": "list_SDG_FLASHTALK_GLD_ANALYTICS"} */
alter session set quoted_identifiers_ignore_case = false;
[0m10:06:07.427174 [debug] [ThreadPool]: Opening a new connection, currently in state init
[0m10:06:07.440186 [debug] [ThreadPool]: SQL status: SUCCESS 1 in 0.097 seconds
[0m10:06:07.480118 [debug] [ThreadPool]: SQL status: SUCCESS 1 in 0.123 seconds
[0m10:06:08.117223 [debug] [ThreadPool]: SQL status: SUCCESS 1 in 0.697 seconds
[0m10:06:08.119389 [debug] [ThreadPool]: Using snowflake connection "list_SDG_FLASHTALK_BRZ_SOURCE_A"
[0m10:06:08.119933 [debug] [ThreadPool]: On list_SDG_FLASHTALK_BRZ_SOURCE_A: /* {"app": "dbt", "dbt_version": "1.9.4", "profile_name": "sdg_flashtalk_demo", "target_name": "dev", "connection_name": "list_SDG_FLASHTALK_BRZ_SOURCE_A"} */
show objects in SDG_FLASHTALK_BRZ.SOURCE_A
    limit 10000
    
;
[0m10:06:08.191875 [debug] [ThreadPool]: SQL status: SUCCESS 1 in 0.764 seconds
[0m10:06:08.193855 [debug] [ThreadPool]: Using snowflake connection "list_SDG_FLASHTALK_GLD_ANALYTICS"
[0m10:06:08.194384 [debug] [ThreadPool]: On list_SDG_FLASHTALK_GLD_ANALYTICS: /* {"app": "dbt", "dbt_version": "1.9.4", "profile_name": "sdg_flashtalk_demo", "target_name": "dev", "connection_name": "list_SDG_FLASHTALK_GLD_ANALYTICS"} */
show objects in SDG_FLASHTALK_GLD.ANALYTICS
    limit 10000
    
;
[0m10:06:08.226834 [debug] [ThreadPool]: SQL status: SUCCESS 1 in 0.106 seconds
[0m10:06:08.228889 [debug] [ThreadPool]: Using snowflake connection "list_SDG_FLASHTALK_BRZ_SOURCE_A"
[0m10:06:08.229421 [debug] [ThreadPool]: On list_SDG_FLASHTALK_BRZ_SOURCE_A: /* {"app": "dbt", "dbt_version": "1.9.4", "profile_name": "sdg_flashtalk_demo", "target_name": "dev", "connection_name": "list_SDG_FLASHTALK_BRZ_SOURCE_A"} */
alter session unset quoted_identifiers_ignore_case;
[0m10:06:08.311316 [debug] [ThreadPool]: SQL status: SUCCESS 0 in 0.116 seconds
[0m10:06:08.312065 [debug] [ThreadPool]: SQL status: SUCCESS 1 in 0.082 seconds
[0m10:06:08.313874 [debug] [ThreadPool]: Using snowflake connection "list_SDG_FLASHTALK_GLD_ANALYTICS"
[0m10:06:08.316183 [debug] [ThreadPool]: On list_SDG_FLASHTALK_GLD_ANALYTICS: /* {"app": "dbt", "dbt_version": "1.9.4", "profile_name": "sdg_flashtalk_demo", "target_name": "dev", "connection_name": "list_SDG_FLASHTALK_GLD_ANALYTICS"} */
alter session unset quoted_identifiers_ignore_case;
[0m10:06:08.397688 [debug] [ThreadPool]: SQL status: SUCCESS 1 in 0.081 seconds
[0m10:06:08.411167 [debug] [Thread-2 (]: Began running node test.sdg_flashtalk_demo.source_accepted_values_source_a_raw_appointments_status__completed__cancelled__scheduled.5a262173bb
[0m10:06:08.411849 [debug] [Thread-3 (]: Began running node test.sdg_flashtalk_demo.source_not_null_source_a_raw_appointments_doctor_id.f0d5c782b1
[0m10:06:08.412665 [debug] [Thread-4 (]: Began running node test.sdg_flashtalk_demo.source_not_null_source_a_raw_appointments_patient_id.a6ce2f55ac
[0m10:06:08.413302 [debug] [Thread-5 (]: Began running node test.sdg_flashtalk_demo.source_not_null_source_b_raw_doctors_doctor_id.793c8549ca
[0m10:06:08.413887 [info ] [Thread-2 (]: 1 of 42 START test source_accepted_values_source_a_raw_appointments_status__completed__cancelled__scheduled  [RUN]
[0m10:06:08.414624 [info ] [Thread-3 (]: 2 of 42 START test source_not_null_source_a_raw_appointments_doctor_id ......... [RUN]
[0m10:06:08.415251 [info ] [Thread-4 (]: 3 of 42 START test source_not_null_source_a_raw_appointments_patient_id ........ [RUN]
[0m10:06:08.415862 [info ] [Thread-5 (]: 4 of 42 START test source_not_null_source_b_raw_doctors_doctor_id .............. [RUN]
[0m10:06:08.416619 [debug] [Thread-2 (]: Re-using an available connection from the pool (formerly list_SDG_FLASHTALK_BRZ_SOURCE_A, now test.sdg_flashtalk_demo.source_accepted_values_source_a_raw_appointments_status__completed__cancelled__scheduled.5a262173bb)
[0m10:06:08.417226 [debug] [Thread-3 (]: Re-using an available connection from the pool (formerly list_SDG_FLASHTALK_SLV_DOCTORS, now test.sdg_flashtalk_demo.source_not_null_source_a_raw_appointments_doctor_id.f0d5c782b1)
[0m10:06:08.417813 [debug] [Thread-4 (]: Re-using an available connection from the pool (formerly list_SDG_FLASHTALK_GLD_ANALYTICS, now test.sdg_flashtalk_demo.source_not_null_source_a_raw_appointments_patient_id.a6ce2f55ac)
[0m10:06:08.418363 [debug] [Thread-5 (]: Re-using an available connection from the pool (formerly list_SDG_FLASHTALK_BRZ_SOURCE_B, now test.sdg_flashtalk_demo.source_not_null_source_b_raw_doctors_doctor_id.793c8549ca)
[0m10:06:08.418990 [debug] [Thread-2 (]: Began compiling node test.sdg_flashtalk_demo.source_accepted_values_source_a_raw_appointments_status__completed__cancelled__scheduled.5a262173bb
[0m10:06:08.419507 [debug] [Thread-3 (]: Began compiling node test.sdg_flashtalk_demo.source_not_null_source_a_raw_appointments_doctor_id.f0d5c782b1
[0m10:06:08.420513 [debug] [Thread-4 (]: Began compiling node test.sdg_flashtalk_demo.source_not_null_source_a_raw_appointments_patient_id.a6ce2f55ac
[0m10:06:08.421136 [debug] [Thread-5 (]: Began compiling node test.sdg_flashtalk_demo.source_not_null_source_b_raw_doctors_doctor_id.793c8549ca
[0m10:06:08.441509 [debug] [Thread-2 (]: Writing injected SQL for node "test.sdg_flashtalk_demo.source_accepted_values_source_a_raw_appointments_status__completed__cancelled__scheduled.5a262173bb"
[0m10:06:08.452775 [debug] [Thread-3 (]: Writing injected SQL for node "test.sdg_flashtalk_demo.source_not_null_source_a_raw_appointments_doctor_id.f0d5c782b1"
[0m10:06:08.460802 [debug] [Thread-4 (]: Writing injected SQL for node "test.sdg_flashtalk_demo.source_not_null_source_a_raw_appointments_patient_id.a6ce2f55ac"
[0m10:06:08.466830 [debug] [Thread-5 (]: Writing injected SQL for node "test.sdg_flashtalk_demo.source_not_null_source_b_raw_doctors_doctor_id.793c8549ca"
[0m10:06:08.468470 [debug] [Thread-2 (]: Began executing node test.sdg_flashtalk_demo.source_accepted_values_source_a_raw_appointments_status__completed__cancelled__scheduled.5a262173bb
[0m10:06:08.469251 [debug] [Thread-3 (]: Began executing node test.sdg_flashtalk_demo.source_not_null_source_a_raw_appointments_doctor_id.f0d5c782b1
[0m10:06:08.469898 [debug] [Thread-4 (]: Began executing node test.sdg_flashtalk_demo.source_not_null_source_a_raw_appointments_patient_id.a6ce2f55ac
[0m10:06:08.492689 [debug] [Thread-5 (]: Began executing node test.sdg_flashtalk_demo.source_not_null_source_b_raw_doctors_doctor_id.793c8549ca
[0m10:06:08.493385 [debug] [Thread-2 (]: Writing runtime sql for node "test.sdg_flashtalk_demo.source_accepted_values_source_a_raw_appointments_status__completed__cancelled__scheduled.5a262173bb"
[0m10:06:08.497514 [debug] [Thread-3 (]: Writing runtime sql for node "test.sdg_flashtalk_demo.source_not_null_source_a_raw_appointments_doctor_id.f0d5c782b1"
[0m10:06:08.501350 [debug] [Thread-4 (]: Writing runtime sql for node "test.sdg_flashtalk_demo.source_not_null_source_a_raw_appointments_patient_id.a6ce2f55ac"
[0m10:06:08.506628 [debug] [Thread-5 (]: Writing runtime sql for node "test.sdg_flashtalk_demo.source_not_null_source_b_raw_doctors_doctor_id.793c8549ca"
[0m10:06:08.509094 [debug] [Thread-2 (]: Using snowflake connection "test.sdg_flashtalk_demo.source_accepted_values_source_a_raw_appointments_status__completed__cancelled__scheduled.5a262173bb"
[0m10:06:08.510091 [debug] [Thread-3 (]: Using snowflake connection "test.sdg_flashtalk_demo.source_not_null_source_a_raw_appointments_doctor_id.f0d5c782b1"
[0m10:06:08.511487 [debug] [Thread-4 (]: Using snowflake connection "test.sdg_flashtalk_demo.source_not_null_source_a_raw_appointments_patient_id.a6ce2f55ac"
[0m10:06:08.512252 [debug] [Thread-2 (]: On test.sdg_flashtalk_demo.source_accepted_values_source_a_raw_appointments_status__completed__cancelled__scheduled.5a262173bb: /* {"app": "dbt", "dbt_version": "1.9.4", "profile_name": "sdg_flashtalk_demo", "target_name": "dev", "node_id": "test.sdg_flashtalk_demo.source_accepted_values_source_a_raw_appointments_status__completed__cancelled__scheduled.5a262173bb"} */
select
      count(*) as failures,
      count(*) != 0 as should_warn,
      count(*) != 0 as should_error
    from (
      
    
    

with all_values as (

    select
        status as value_field,
        count(*) as n_records

    from SDG_FLASHTALK_BRZ.SOURCE_A.raw_appointments
    group by status

)

select *
from all_values
where value_field not in (
    'completed','cancelled','scheduled'
)



      
    ) dbt_internal_test
[0m10:06:08.513020 [debug] [Thread-3 (]: On test.sdg_flashtalk_demo.source_not_null_source_a_raw_appointments_doctor_id.f0d5c782b1: /* {"app": "dbt", "dbt_version": "1.9.4", "profile_name": "sdg_flashtalk_demo", "target_name": "dev", "node_id": "test.sdg_flashtalk_demo.source_not_null_source_a_raw_appointments_doctor_id.f0d5c782b1"} */
select
      count(*) as failures,
      count(*) != 0 as should_warn,
      count(*) != 0 as should_error
    from (
      
    
    



select doctor_id
from SDG_FLASHTALK_BRZ.SOURCE_A.raw_appointments
where doctor_id is null



      
    ) dbt_internal_test
[0m10:06:08.513961 [debug] [Thread-5 (]: Using snowflake connection "test.sdg_flashtalk_demo.source_not_null_source_b_raw_doctors_doctor_id.793c8549ca"
[0m10:06:08.514578 [debug] [Thread-4 (]: On test.sdg_flashtalk_demo.source_not_null_source_a_raw_appointments_patient_id.a6ce2f55ac: /* {"app": "dbt", "dbt_version": "1.9.4", "profile_name": "sdg_flashtalk_demo", "target_name": "dev", "node_id": "test.sdg_flashtalk_demo.source_not_null_source_a_raw_appointments_patient_id.a6ce2f55ac"} */
select
      count(*) as failures,
      count(*) != 0 as should_warn,
      count(*) != 0 as should_error
    from (
      
    
    



select patient_id
from SDG_FLASHTALK_BRZ.SOURCE_A.raw_appointments
where patient_id is null



      
    ) dbt_internal_test
[0m10:06:08.515174 [debug] [Thread-2 (]: Opening a new connection, currently in state init
[0m10:06:08.515693 [debug] [Thread-3 (]: Opening a new connection, currently in state init
[0m10:06:08.516240 [debug] [Thread-5 (]: On test.sdg_flashtalk_demo.source_not_null_source_b_raw_doctors_doctor_id.793c8549ca: /* {"app": "dbt", "dbt_version": "1.9.4", "profile_name": "sdg_flashtalk_demo", "target_name": "dev", "node_id": "test.sdg_flashtalk_demo.source_not_null_source_b_raw_doctors_doctor_id.793c8549ca"} */
select
      count(*) as failures,
      count(*) != 0 as should_warn,
      count(*) != 0 as should_error
    from (
      
    
    



select doctor_id
from SDG_FLASHTALK_BRZ.SOURCE_B.raw_doctors
where doctor_id is null



      
    ) dbt_internal_test
[0m10:06:08.516776 [debug] [Thread-4 (]: Opening a new connection, currently in state init
[0m10:06:08.517488 [debug] [Thread-5 (]: Opening a new connection, currently in state init
[0m10:06:09.258820 [debug] [Thread-4 (]: SQL status: SUCCESS 1 in 0.742 seconds
[0m10:06:09.266419 [debug] [Thread-3 (]: SQL status: SUCCESS 1 in 0.751 seconds
[0m10:06:09.269265 [info ] [Thread-4 (]: 3 of 42 PASS source_not_null_source_a_raw_appointments_patient_id .............. [[32mPASS[0m in 0.85s]
[0m10:06:09.271838 [info ] [Thread-3 (]: 2 of 42 PASS source_not_null_source_a_raw_appointments_doctor_id ............... [[32mPASS[0m in 0.85s]
[0m10:06:09.272697 [debug] [Thread-5 (]: SQL status: SUCCESS 1 in 0.755 seconds
[0m10:06:09.273461 [debug] [Thread-4 (]: Finished running node test.sdg_flashtalk_demo.source_not_null_source_a_raw_appointments_patient_id.a6ce2f55ac
[0m10:06:09.274155 [debug] [Thread-3 (]: Finished running node test.sdg_flashtalk_demo.source_not_null_source_a_raw_appointments_doctor_id.f0d5c782b1
[0m10:06:09.276402 [info ] [Thread-5 (]: 4 of 42 PASS source_not_null_source_b_raw_doctors_doctor_id .................... [[32mPASS[0m in 0.86s]
[0m10:06:09.277145 [debug] [Thread-4 (]: Began running node test.sdg_flashtalk_demo.source_not_null_source_b_raw_doctors_doctor_name.9515f42e03
[0m10:06:09.277998 [debug] [Thread-3 (]: Began running node test.sdg_flashtalk_demo.source_unique_source_a_raw_appointments_patient_id.76c15d679a
[0m10:06:09.278906 [debug] [Thread-5 (]: Finished running node test.sdg_flashtalk_demo.source_not_null_source_b_raw_doctors_doctor_id.793c8549ca
[0m10:06:09.279502 [info ] [Thread-4 (]: 5 of 42 START test source_not_null_source_b_raw_doctors_doctor_name ............ [RUN]
[0m10:06:09.280095 [info ] [Thread-3 (]: 6 of 42 START test source_unique_source_a_raw_appointments_patient_id .......... [RUN]
[0m10:06:09.280842 [debug] [Thread-5 (]: Began running node test.sdg_flashtalk_demo.source_unique_source_b_raw_doctors_doctor_id.0ca3d51927
[0m10:06:09.281630 [debug] [Thread-4 (]: Re-using an available connection from the pool (formerly test.sdg_flashtalk_demo.source_not_null_source_a_raw_appointments_patient_id.a6ce2f55ac, now test.sdg_flashtalk_demo.source_not_null_source_b_raw_doctors_doctor_name.9515f42e03)
[0m10:06:09.282304 [debug] [Thread-3 (]: Re-using an available connection from the pool (formerly test.sdg_flashtalk_demo.source_not_null_source_a_raw_appointments_doctor_id.f0d5c782b1, now test.sdg_flashtalk_demo.source_unique_source_a_raw_appointments_patient_id.76c15d679a)
[0m10:06:09.283054 [info ] [Thread-5 (]: 7 of 42 START test source_unique_source_b_raw_doctors_doctor_id ................ [RUN]
[0m10:06:09.283721 [debug] [Thread-4 (]: Began compiling node test.sdg_flashtalk_demo.source_not_null_source_b_raw_doctors_doctor_name.9515f42e03
[0m10:06:09.284292 [debug] [Thread-3 (]: Began compiling node test.sdg_flashtalk_demo.source_unique_source_a_raw_appointments_patient_id.76c15d679a
[0m10:06:09.284972 [debug] [Thread-5 (]: Re-using an available connection from the pool (formerly test.sdg_flashtalk_demo.source_not_null_source_b_raw_doctors_doctor_id.793c8549ca, now test.sdg_flashtalk_demo.source_unique_source_b_raw_doctors_doctor_id.0ca3d51927)
[0m10:06:09.291549 [debug] [Thread-4 (]: Writing injected SQL for node "test.sdg_flashtalk_demo.source_not_null_source_b_raw_doctors_doctor_name.9515f42e03"
[0m10:06:09.299921 [debug] [Thread-3 (]: Writing injected SQL for node "test.sdg_flashtalk_demo.source_unique_source_a_raw_appointments_patient_id.76c15d679a"
[0m10:06:09.300820 [debug] [Thread-2 (]: SQL status: SUCCESS 1 in 0.786 seconds
[0m10:06:09.301411 [debug] [Thread-5 (]: Began compiling node test.sdg_flashtalk_demo.source_unique_source_b_raw_doctors_doctor_id.0ca3d51927
[0m10:06:09.302635 [debug] [Thread-4 (]: Began executing node test.sdg_flashtalk_demo.source_not_null_source_b_raw_doctors_doctor_name.9515f42e03
[0m10:06:09.305065 [info ] [Thread-2 (]: 1 of 42 PASS source_accepted_values_source_a_raw_appointments_status__completed__cancelled__scheduled  [[32mPASS[0m in 0.89s]
[0m10:06:09.305687 [debug] [Thread-3 (]: Began executing node test.sdg_flashtalk_demo.source_unique_source_a_raw_appointments_patient_id.76c15d679a
[0m10:06:09.313418 [debug] [Thread-5 (]: Writing injected SQL for node "test.sdg_flashtalk_demo.source_unique_source_b_raw_doctors_doctor_id.0ca3d51927"
[0m10:06:09.317169 [debug] [Thread-4 (]: Writing runtime sql for node "test.sdg_flashtalk_demo.source_not_null_source_b_raw_doctors_doctor_name.9515f42e03"
[0m10:06:09.317982 [debug] [Thread-2 (]: Finished running node test.sdg_flashtalk_demo.source_accepted_values_source_a_raw_appointments_status__completed__cancelled__scheduled.5a262173bb
[0m10:06:09.321892 [debug] [Thread-3 (]: Writing runtime sql for node "test.sdg_flashtalk_demo.source_unique_source_a_raw_appointments_patient_id.76c15d679a"
[0m10:06:09.323236 [debug] [Thread-5 (]: Began executing node test.sdg_flashtalk_demo.source_unique_source_b_raw_doctors_doctor_id.0ca3d51927
[0m10:06:09.324577 [debug] [Thread-4 (]: Using snowflake connection "test.sdg_flashtalk_demo.source_not_null_source_b_raw_doctors_doctor_name.9515f42e03"
[0m10:06:09.328790 [debug] [Thread-5 (]: Writing runtime sql for node "test.sdg_flashtalk_demo.source_unique_source_b_raw_doctors_doctor_id.0ca3d51927"
[0m10:06:09.330027 [debug] [Thread-3 (]: Using snowflake connection "test.sdg_flashtalk_demo.source_unique_source_a_raw_appointments_patient_id.76c15d679a"
[0m10:06:09.330767 [debug] [Thread-4 (]: On test.sdg_flashtalk_demo.source_not_null_source_b_raw_doctors_doctor_name.9515f42e03: /* {"app": "dbt", "dbt_version": "1.9.4", "profile_name": "sdg_flashtalk_demo", "target_name": "dev", "node_id": "test.sdg_flashtalk_demo.source_not_null_source_b_raw_doctors_doctor_name.9515f42e03"} */
select
      count(*) as failures,
      count(*) != 0 as should_warn,
      count(*) != 0 as should_error
    from (
      
    
    



select doctor_name
from SDG_FLASHTALK_BRZ.SOURCE_B.raw_doctors
where doctor_name is null



      
    ) dbt_internal_test
[0m10:06:09.331664 [debug] [Thread-3 (]: On test.sdg_flashtalk_demo.source_unique_source_a_raw_appointments_patient_id.76c15d679a: /* {"app": "dbt", "dbt_version": "1.9.4", "profile_name": "sdg_flashtalk_demo", "target_name": "dev", "node_id": "test.sdg_flashtalk_demo.source_unique_source_a_raw_appointments_patient_id.76c15d679a"} */
select
      count(*) as failures,
      count(*) != 0 as should_warn,
      count(*) != 0 as should_error
    from (
      
    
    

select
    patient_id as unique_field,
    count(*) as n_records

from SDG_FLASHTALK_BRZ.SOURCE_A.raw_appointments
where patient_id is not null
group by patient_id
having count(*) > 1



      
    ) dbt_internal_test
[0m10:06:09.332849 [debug] [Thread-5 (]: Using snowflake connection "test.sdg_flashtalk_demo.source_unique_source_b_raw_doctors_doctor_id.0ca3d51927"
[0m10:06:09.333397 [debug] [Thread-4 (]: Opening a new connection, currently in state init
[0m10:06:09.333991 [debug] [Thread-3 (]: Opening a new connection, currently in state init
[0m10:06:09.334681 [debug] [Thread-5 (]: On test.sdg_flashtalk_demo.source_unique_source_b_raw_doctors_doctor_id.0ca3d51927: /* {"app": "dbt", "dbt_version": "1.9.4", "profile_name": "sdg_flashtalk_demo", "target_name": "dev", "node_id": "test.sdg_flashtalk_demo.source_unique_source_b_raw_doctors_doctor_id.0ca3d51927"} */
select
      count(*) as failures,
      count(*) != 0 as should_warn,
      count(*) != 0 as should_error
    from (
      
    
    

select
    doctor_id as unique_field,
    count(*) as n_records

from SDG_FLASHTALK_BRZ.SOURCE_B.raw_doctors
where doctor_id is not null
group by doctor_id
having count(*) > 1



      
    ) dbt_internal_test
[0m10:06:09.335554 [debug] [Thread-5 (]: Opening a new connection, currently in state init
[0m10:06:09.883516 [debug] [Thread-3 (]: SQL status: SUCCESS 1 in 0.549 seconds
[0m10:06:09.884319 [debug] [Thread-4 (]: SQL status: SUCCESS 1 in 0.551 seconds
[0m10:06:09.887023 [info ] [Thread-3 (]: 6 of 42 PASS source_unique_source_a_raw_appointments_patient_id ................ [[32mPASS[0m in 0.60s]
[0m10:06:09.889210 [info ] [Thread-4 (]: 5 of 42 PASS source_not_null_source_b_raw_doctors_doctor_name .................. [[32mPASS[0m in 0.61s]
[0m10:06:09.890052 [debug] [Thread-3 (]: Finished running node test.sdg_flashtalk_demo.source_unique_source_a_raw_appointments_patient_id.76c15d679a
[0m10:06:09.890844 [debug] [Thread-4 (]: Finished running node test.sdg_flashtalk_demo.source_not_null_source_b_raw_doctors_doctor_name.9515f42e03
[0m10:06:09.891902 [debug] [Thread-2 (]: Began running node model.sdg_flashtalk_demo.brz_appointments
[0m10:06:09.892989 [info ] [Thread-2 (]: 8 of 42 START sql table model SOURCE_A.brz_appointments ........................ [RUN]
[0m10:06:09.893764 [debug] [Thread-2 (]: Re-using an available connection from the pool (formerly test.sdg_flashtalk_demo.source_accepted_values_source_a_raw_appointments_status__completed__cancelled__scheduled.5a262173bb, now model.sdg_flashtalk_demo.brz_appointments)
[0m10:06:09.894381 [debug] [Thread-2 (]: Began compiling node model.sdg_flashtalk_demo.brz_appointments
[0m10:06:09.899437 [debug] [Thread-2 (]: Writing injected SQL for node "model.sdg_flashtalk_demo.brz_appointments"
[0m10:06:09.900275 [debug] [Thread-2 (]: Began executing node model.sdg_flashtalk_demo.brz_appointments
[0m10:06:09.927086 [debug] [Thread-5 (]: SQL status: SUCCESS 1 in 0.591 seconds
[0m10:06:09.932794 [debug] [Thread-2 (]: Writing runtime sql for node "model.sdg_flashtalk_demo.brz_appointments"
[0m10:06:09.935386 [info ] [Thread-5 (]: 7 of 42 PASS source_unique_source_b_raw_doctors_doctor_id ...................... [[32mPASS[0m in 0.65s]
[0m10:06:09.936522 [debug] [Thread-5 (]: Finished running node test.sdg_flashtalk_demo.source_unique_source_b_raw_doctors_doctor_id.0ca3d51927
[0m10:06:09.937888 [debug] [Thread-2 (]: Using snowflake connection "model.sdg_flashtalk_demo.brz_appointments"
[0m10:06:09.939111 [debug] [Thread-3 (]: Began running node model.sdg_flashtalk_demo.brz_doctors
[0m10:06:09.939778 [debug] [Thread-2 (]: On model.sdg_flashtalk_demo.brz_appointments: /* {"app": "dbt", "dbt_version": "1.9.4", "profile_name": "sdg_flashtalk_demo", "target_name": "dev", "node_id": "model.sdg_flashtalk_demo.brz_appointments"} */
create or replace transient table SDG_FLASHTALK_BRZ.SOURCE_A.brz_appointments
         as
        (-- BRONZE | Source A (scheduling system)
-- Type standardisation and audit passthrough. No business logic, no filtering.
--
-- The landing table is all VARCHAR, so these casts are the actual contract
-- between "what arrived" and "what the warehouse guarantees".
--
-- _loaded_at is passed through from the landing table, not recomputed. It is a
-- real landing timestamp and stays identical no matter how often this rebuilds.

SELECT
    patient_id::INTEGER            AS patient_id,
    patient_name::VARCHAR(100)     AS patient_name,
    doctor_id::VARCHAR(10)         AS doctor_id,
    appointment_date::DATE         AS appointment_date,
    status::VARCHAR(20)            AS status,
    notes::VARCHAR(500)            AS notes,
    _loaded_at                     AS _loaded_at,
    _source_system                 AS _source
FROM SDG_FLASHTALK_BRZ.SOURCE_A.raw_appointments
        );
[0m10:06:09.940552 [info ] [Thread-3 (]: 9 of 42 START sql table model SOURCE_B.brz_doctors ............................. [RUN]
[0m10:06:09.941171 [debug] [Thread-2 (]: Opening a new connection, currently in state init
[0m10:06:09.941853 [debug] [Thread-3 (]: Re-using an available connection from the pool (formerly test.sdg_flashtalk_demo.source_unique_source_a_raw_appointments_patient_id.76c15d679a, now model.sdg_flashtalk_demo.brz_doctors)
[0m10:06:09.942938 [debug] [Thread-3 (]: Began compiling node model.sdg_flashtalk_demo.brz_doctors
[0m10:06:09.947702 [debug] [Thread-3 (]: Writing injected SQL for node "model.sdg_flashtalk_demo.brz_doctors"
[0m10:06:09.948475 [debug] [Thread-3 (]: Began executing node model.sdg_flashtalk_demo.brz_doctors
[0m10:06:09.952711 [debug] [Thread-3 (]: Writing runtime sql for node "model.sdg_flashtalk_demo.brz_doctors"
[0m10:06:09.954062 [debug] [Thread-3 (]: Using snowflake connection "model.sdg_flashtalk_demo.brz_doctors"
[0m10:06:09.954745 [debug] [Thread-3 (]: On model.sdg_flashtalk_demo.brz_doctors: /* {"app": "dbt", "dbt_version": "1.9.4", "profile_name": "sdg_flashtalk_demo", "target_name": "dev", "node_id": "model.sdg_flashtalk_demo.brz_doctors"} */
create or replace transient table SDG_FLASHTALK_BRZ.SOURCE_B.brz_doctors
         as
        (-- BRONZE | Source B (HR / credentialing system)
-- Type standardisation and audit passthrough.

SELECT
    doctor_id::VARCHAR(10)         AS doctor_id,
    doctor_name::VARCHAR(100)      AS doctor_name,
    specialty::VARCHAR(50)         AS specialty,
    department::VARCHAR(50)        AS department,
    hire_date::DATE                AS hire_date,
    _loaded_at                     AS _loaded_at,
    _source_system                 AS _source
FROM SDG_FLASHTALK_BRZ.SOURCE_B.raw_doctors
        );
[0m10:06:09.955319 [debug] [Thread-3 (]: Opening a new connection, currently in state init
[0m10:06:11.241032 [debug] [Thread-2 (]: SQL status: SUCCESS 1 in 1.300 seconds
[0m10:06:11.260618 [info ] [Thread-2 (]: 8 of 42 OK created sql table model SOURCE_A.brz_appointments ................... [[32mSUCCESS 1[0m in 1.36s]
[0m10:06:11.261475 [debug] [Thread-2 (]: Finished running node model.sdg_flashtalk_demo.brz_appointments
[0m10:06:11.262647 [debug] [Thread-5 (]: Began running node test.sdg_flashtalk_demo.accepted_values_brz_appointments_status__completed__cancelled__scheduled.b0592150c3
[0m10:06:11.263277 [debug] [Thread-4 (]: Began running node test.sdg_flashtalk_demo.not_null_brz_appointments_doctor_id.746514f804
[0m10:06:11.263828 [debug] [Thread-2 (]: Began running node test.sdg_flashtalk_demo.not_null_brz_appointments_patient_id.20715cde99
[0m10:06:11.264405 [info ] [Thread-5 (]: 10 of 42 START test accepted_values_brz_appointments_status__completed__cancelled__scheduled  [RUN]
[0m10:06:11.265012 [info ] [Thread-4 (]: 11 of 42 START test not_null_brz_appointments_doctor_id ........................ [RUN]
[0m10:06:11.265624 [info ] [Thread-2 (]: 12 of 42 START test not_null_brz_appointments_patient_id ....................... [RUN]
[0m10:06:11.266421 [debug] [Thread-5 (]: Re-using an available connection from the pool (formerly test.sdg_flashtalk_demo.source_unique_source_b_raw_doctors_doctor_id.0ca3d51927, now test.sdg_flashtalk_demo.accepted_values_brz_appointments_status__completed__cancelled__scheduled.b0592150c3)
[0m10:06:11.267520 [debug] [Thread-4 (]: Re-using an available connection from the pool (formerly test.sdg_flashtalk_demo.source_not_null_source_b_raw_doctors_doctor_name.9515f42e03, now test.sdg_flashtalk_demo.not_null_brz_appointments_doctor_id.746514f804)
[0m10:06:11.268205 [debug] [Thread-2 (]: Re-using an available connection from the pool (formerly model.sdg_flashtalk_demo.brz_appointments, now test.sdg_flashtalk_demo.not_null_brz_appointments_patient_id.20715cde99)
[0m10:06:11.268781 [debug] [Thread-5 (]: Began compiling node test.sdg_flashtalk_demo.accepted_values_brz_appointments_status__completed__cancelled__scheduled.b0592150c3
[0m10:06:11.269340 [debug] [Thread-4 (]: Began compiling node test.sdg_flashtalk_demo.not_null_brz_appointments_doctor_id.746514f804
[0m10:06:11.269883 [debug] [Thread-2 (]: Began compiling node test.sdg_flashtalk_demo.not_null_brz_appointments_patient_id.20715cde99
[0m10:06:11.276313 [debug] [Thread-5 (]: Writing injected SQL for node "test.sdg_flashtalk_demo.accepted_values_brz_appointments_status__completed__cancelled__scheduled.b0592150c3"
[0m10:06:11.277260 [debug] [Thread-3 (]: SQL status: SUCCESS 1 in 1.322 seconds
[0m10:06:11.368711 [debug] [Thread-4 (]: Writing injected SQL for node "test.sdg_flashtalk_demo.not_null_brz_appointments_doctor_id.746514f804"
[0m10:06:11.374243 [debug] [Thread-2 (]: Writing injected SQL for node "test.sdg_flashtalk_demo.not_null_brz_appointments_patient_id.20715cde99"
[0m10:06:11.377379 [info ] [Thread-3 (]: 9 of 42 OK created sql table model SOURCE_B.brz_doctors ........................ [[32mSUCCESS 1[0m in 1.44s]
[0m10:06:11.378358 [debug] [Thread-5 (]: Began executing node test.sdg_flashtalk_demo.accepted_values_brz_appointments_status__completed__cancelled__scheduled.b0592150c3
[0m10:06:11.379505 [debug] [Thread-4 (]: Began executing node test.sdg_flashtalk_demo.not_null_brz_appointments_doctor_id.746514f804
[0m10:06:11.380334 [debug] [Thread-3 (]: Finished running node model.sdg_flashtalk_demo.brz_doctors
[0m10:06:11.380932 [debug] [Thread-2 (]: Began executing node test.sdg_flashtalk_demo.not_null_brz_appointments_patient_id.20715cde99
[0m10:06:11.384928 [debug] [Thread-5 (]: Writing runtime sql for node "test.sdg_flashtalk_demo.accepted_values_brz_appointments_status__completed__cancelled__scheduled.b0592150c3"
[0m10:06:11.388987 [debug] [Thread-4 (]: Writing runtime sql for node "test.sdg_flashtalk_demo.not_null_brz_appointments_doctor_id.746514f804"
[0m10:06:11.390149 [debug] [Thread-3 (]: Began running node test.sdg_flashtalk_demo.not_null_brz_doctors_department.8e083386d2
[0m10:06:11.394104 [debug] [Thread-2 (]: Writing runtime sql for node "test.sdg_flashtalk_demo.not_null_brz_appointments_patient_id.20715cde99"
[0m10:06:11.395997 [debug] [Thread-5 (]: Using snowflake connection "test.sdg_flashtalk_demo.accepted_values_brz_appointments_status__completed__cancelled__scheduled.b0592150c3"
[0m10:06:11.396643 [info ] [Thread-3 (]: 13 of 42 START test not_null_brz_doctors_department ............................ [RUN]
[0m10:06:11.397618 [debug] [Thread-4 (]: Using snowflake connection "test.sdg_flashtalk_demo.not_null_brz_appointments_doctor_id.746514f804"
[0m10:06:11.398542 [debug] [Thread-5 (]: On test.sdg_flashtalk_demo.accepted_values_brz_appointments_status__completed__cancelled__scheduled.b0592150c3: /* {"app": "dbt", "dbt_version": "1.9.4", "profile_name": "sdg_flashtalk_demo", "target_name": "dev", "node_id": "test.sdg_flashtalk_demo.accepted_values_brz_appointments_status__completed__cancelled__scheduled.b0592150c3"} */
select
      count(*) as failures,
      count(*) != 0 as should_warn,
      count(*) != 0 as should_error
    from (
      
    
    

with all_values as (

    select
        status as value_field,
        count(*) as n_records

    from SDG_FLASHTALK_BRZ.SOURCE_A.brz_appointments
    group by status

)

select *
from all_values
where value_field not in (
    'completed','cancelled','scheduled'
)



      
    ) dbt_internal_test
[0m10:06:11.401242 [debug] [Thread-2 (]: Using snowflake connection "test.sdg_flashtalk_demo.not_null_brz_appointments_patient_id.20715cde99"
[0m10:06:11.401935 [debug] [Thread-3 (]: Re-using an available connection from the pool (formerly model.sdg_flashtalk_demo.brz_doctors, now test.sdg_flashtalk_demo.not_null_brz_doctors_department.8e083386d2)
[0m10:06:11.402627 [debug] [Thread-4 (]: On test.sdg_flashtalk_demo.not_null_brz_appointments_doctor_id.746514f804: /* {"app": "dbt", "dbt_version": "1.9.4", "profile_name": "sdg_flashtalk_demo", "target_name": "dev", "node_id": "test.sdg_flashtalk_demo.not_null_brz_appointments_doctor_id.746514f804"} */
select
      count(*) as failures,
      count(*) != 0 as should_warn,
      count(*) != 0 as should_error
    from (
      
    
    



select doctor_id
from SDG_FLASHTALK_BRZ.SOURCE_A.brz_appointments
where doctor_id is null



      
    ) dbt_internal_test
[0m10:06:11.403212 [debug] [Thread-5 (]: Opening a new connection, currently in state init
[0m10:06:11.403784 [debug] [Thread-2 (]: On test.sdg_flashtalk_demo.not_null_brz_appointments_patient_id.20715cde99: /* {"app": "dbt", "dbt_version": "1.9.4", "profile_name": "sdg_flashtalk_demo", "target_name": "dev", "node_id": "test.sdg_flashtalk_demo.not_null_brz_appointments_patient_id.20715cde99"} */
select
      count(*) as failures,
      count(*) != 0 as should_warn,
      count(*) != 0 as should_error
    from (
      
    
    



select patient_id
from SDG_FLASHTALK_BRZ.SOURCE_A.brz_appointments
where patient_id is null



      
    ) dbt_internal_test
[0m10:06:11.404344 [debug] [Thread-3 (]: Began compiling node test.sdg_flashtalk_demo.not_null_brz_doctors_department.8e083386d2
[0m10:06:11.404899 [debug] [Thread-4 (]: Opening a new connection, currently in state init
[0m10:06:11.405649 [debug] [Thread-2 (]: Opening a new connection, currently in state init
[0m10:06:11.411635 [debug] [Thread-3 (]: Writing injected SQL for node "test.sdg_flashtalk_demo.not_null_brz_doctors_department.8e083386d2"
[0m10:06:11.412782 [debug] [Thread-3 (]: Began executing node test.sdg_flashtalk_demo.not_null_brz_doctors_department.8e083386d2
[0m10:06:11.416739 [debug] [Thread-3 (]: Writing runtime sql for node "test.sdg_flashtalk_demo.not_null_brz_doctors_department.8e083386d2"
[0m10:06:11.417942 [debug] [Thread-3 (]: Using snowflake connection "test.sdg_flashtalk_demo.not_null_brz_doctors_department.8e083386d2"
[0m10:06:11.418571 [debug] [Thread-3 (]: On test.sdg_flashtalk_demo.not_null_brz_doctors_department.8e083386d2: /* {"app": "dbt", "dbt_version": "1.9.4", "profile_name": "sdg_flashtalk_demo", "target_name": "dev", "node_id": "test.sdg_flashtalk_demo.not_null_brz_doctors_department.8e083386d2"} */
select
      count(*) as failures,
      count(*) != 0 as should_warn,
      count(*) != 0 as should_error
    from (
      
    
    



select department
from SDG_FLASHTALK_BRZ.SOURCE_B.brz_doctors
where department is null



      
    ) dbt_internal_test
[0m10:06:11.419149 [debug] [Thread-3 (]: Opening a new connection, currently in state init
[0m10:06:12.639278 [debug] [Thread-4 (]: SQL status: SUCCESS 1 in 1.234 seconds
[0m10:06:12.641737 [info ] [Thread-4 (]: 11 of 42 PASS not_null_brz_appointments_doctor_id .............................. [[32mPASS[0m in 1.37s]
[0m10:06:12.642684 [debug] [Thread-4 (]: Finished running node test.sdg_flashtalk_demo.not_null_brz_appointments_doctor_id.746514f804
[0m10:06:12.643336 [debug] [Thread-4 (]: Began running node test.sdg_flashtalk_demo.not_null_brz_doctors_doctor_id.f27ecd49fe
[0m10:06:12.643946 [info ] [Thread-4 (]: 14 of 42 START test not_null_brz_doctors_doctor_id ............................. [RUN]
[0m10:06:12.644592 [debug] [Thread-4 (]: Re-using an available connection from the pool (formerly test.sdg_flashtalk_demo.not_null_brz_appointments_doctor_id.746514f804, now test.sdg_flashtalk_demo.not_null_brz_doctors_doctor_id.f27ecd49fe)
[0m10:06:12.645091 [debug] [Thread-4 (]: Began compiling node test.sdg_flashtalk_demo.not_null_brz_doctors_doctor_id.f27ecd49fe
[0m10:06:12.650990 [debug] [Thread-4 (]: Writing injected SQL for node "test.sdg_flashtalk_demo.not_null_brz_doctors_doctor_id.f27ecd49fe"
[0m10:06:12.651828 [debug] [Thread-4 (]: Began executing node test.sdg_flashtalk_demo.not_null_brz_doctors_doctor_id.f27ecd49fe
[0m10:06:12.658123 [debug] [Thread-2 (]: SQL status: SUCCESS 1 in 1.252 seconds
[0m10:06:12.658979 [debug] [Thread-3 (]: SQL status: SUCCESS 1 in 1.240 seconds
[0m10:06:12.659677 [debug] [Thread-5 (]: SQL status: SUCCESS 1 in 1.256 seconds
[0m10:06:12.657465 [debug] [Thread-4 (]: Writing runtime sql for node "test.sdg_flashtalk_demo.not_null_brz_doctors_doctor_id.f27ecd49fe"
[0m10:06:12.662218 [info ] [Thread-2 (]: 12 of 42 PASS not_null_brz_appointments_patient_id ............................. [[32mPASS[0m in 1.39s]
[0m10:06:12.664488 [info ] [Thread-3 (]: 13 of 42 PASS not_null_brz_doctors_department .................................. [[32mPASS[0m in 1.26s]
[0m10:06:12.666695 [info ] [Thread-5 (]: 10 of 42 PASS accepted_values_brz_appointments_status__completed__cancelled__scheduled  [[32mPASS[0m in 1.40s]
[0m10:06:12.667806 [debug] [Thread-2 (]: Finished running node test.sdg_flashtalk_demo.not_null_brz_appointments_patient_id.20715cde99
[0m10:06:12.668892 [debug] [Thread-4 (]: Using snowflake connection "test.sdg_flashtalk_demo.not_null_brz_doctors_doctor_id.f27ecd49fe"
[0m10:06:12.669581 [debug] [Thread-3 (]: Finished running node test.sdg_flashtalk_demo.not_null_brz_doctors_department.8e083386d2
[0m10:06:12.670272 [debug] [Thread-5 (]: Finished running node test.sdg_flashtalk_demo.accepted_values_brz_appointments_status__completed__cancelled__scheduled.b0592150c3
[0m10:06:12.670969 [debug] [Thread-2 (]: Began running node test.sdg_flashtalk_demo.not_null_brz_doctors_doctor_name.507a712946
[0m10:06:12.671625 [debug] [Thread-4 (]: On test.sdg_flashtalk_demo.not_null_brz_doctors_doctor_id.f27ecd49fe: /* {"app": "dbt", "dbt_version": "1.9.4", "profile_name": "sdg_flashtalk_demo", "target_name": "dev", "node_id": "test.sdg_flashtalk_demo.not_null_brz_doctors_doctor_id.f27ecd49fe"} */
select
      count(*) as failures,
      count(*) != 0 as should_warn,
      count(*) != 0 as should_error
    from (
      
    
    



select doctor_id
from SDG_FLASHTALK_BRZ.SOURCE_B.brz_doctors
where doctor_id is null



      
    ) dbt_internal_test
[0m10:06:12.672250 [debug] [Thread-3 (]: Began running node test.sdg_flashtalk_demo.not_null_brz_doctors_hire_date.95f5e4dfdf
[0m10:06:12.672897 [debug] [Thread-5 (]: Began running node test.sdg_flashtalk_demo.not_null_brz_doctors_specialty.ad5cb63e69
[0m10:06:12.673743 [info ] [Thread-2 (]: 15 of 42 START test not_null_brz_doctors_doctor_name ........................... [RUN]
[0m10:06:12.674382 [debug] [Thread-4 (]: Opening a new connection, currently in state init
[0m10:06:12.675052 [info ] [Thread-3 (]: 16 of 42 START test not_null_brz_doctors_hire_date ............................. [RUN]
[0m10:06:12.675687 [info ] [Thread-5 (]: 17 of 42 START test not_null_brz_doctors_specialty ............................. [RUN]
[0m10:06:12.676401 [debug] [Thread-2 (]: Re-using an available connection from the pool (formerly test.sdg_flashtalk_demo.not_null_brz_appointments_patient_id.20715cde99, now test.sdg_flashtalk_demo.not_null_brz_doctors_doctor_name.507a712946)
[0m10:06:12.677165 [debug] [Thread-3 (]: Re-using an available connection from the pool (formerly test.sdg_flashtalk_demo.not_null_brz_doctors_department.8e083386d2, now test.sdg_flashtalk_demo.not_null_brz_doctors_hire_date.95f5e4dfdf)
[0m10:06:12.677814 [debug] [Thread-5 (]: Re-using an available connection from the pool (formerly test.sdg_flashtalk_demo.accepted_values_brz_appointments_status__completed__cancelled__scheduled.b0592150c3, now test.sdg_flashtalk_demo.not_null_brz_doctors_specialty.ad5cb63e69)
[0m10:06:12.678375 [debug] [Thread-2 (]: Began compiling node test.sdg_flashtalk_demo.not_null_brz_doctors_doctor_name.507a712946
[0m10:06:12.679008 [debug] [Thread-3 (]: Began compiling node test.sdg_flashtalk_demo.not_null_brz_doctors_hire_date.95f5e4dfdf
[0m10:06:12.679519 [debug] [Thread-5 (]: Began compiling node test.sdg_flashtalk_demo.not_null_brz_doctors_specialty.ad5cb63e69
[0m10:06:12.685490 [debug] [Thread-2 (]: Writing injected SQL for node "test.sdg_flashtalk_demo.not_null_brz_doctors_doctor_name.507a712946"
[0m10:06:12.691582 [debug] [Thread-3 (]: Writing injected SQL for node "test.sdg_flashtalk_demo.not_null_brz_doctors_hire_date.95f5e4dfdf"
[0m10:06:12.697560 [debug] [Thread-5 (]: Writing injected SQL for node "test.sdg_flashtalk_demo.not_null_brz_doctors_specialty.ad5cb63e69"
[0m10:06:12.698850 [debug] [Thread-2 (]: Began executing node test.sdg_flashtalk_demo.not_null_brz_doctors_doctor_name.507a712946
[0m10:06:12.699839 [debug] [Thread-3 (]: Began executing node test.sdg_flashtalk_demo.not_null_brz_doctors_hire_date.95f5e4dfdf
[0m10:06:12.703836 [debug] [Thread-2 (]: Writing runtime sql for node "test.sdg_flashtalk_demo.not_null_brz_doctors_doctor_name.507a712946"
[0m10:06:12.704478 [debug] [Thread-5 (]: Began executing node test.sdg_flashtalk_demo.not_null_brz_doctors_specialty.ad5cb63e69
[0m10:06:12.710044 [debug] [Thread-3 (]: Writing runtime sql for node "test.sdg_flashtalk_demo.not_null_brz_doctors_hire_date.95f5e4dfdf"
[0m10:06:12.714368 [debug] [Thread-5 (]: Writing runtime sql for node "test.sdg_flashtalk_demo.not_null_brz_doctors_specialty.ad5cb63e69"
[0m10:06:12.715519 [debug] [Thread-2 (]: Using snowflake connection "test.sdg_flashtalk_demo.not_null_brz_doctors_doctor_name.507a712946"
[0m10:06:12.717079 [debug] [Thread-3 (]: Using snowflake connection "test.sdg_flashtalk_demo.not_null_brz_doctors_hire_date.95f5e4dfdf"
[0m10:06:12.717753 [debug] [Thread-2 (]: On test.sdg_flashtalk_demo.not_null_brz_doctors_doctor_name.507a712946: /* {"app": "dbt", "dbt_version": "1.9.4", "profile_name": "sdg_flashtalk_demo", "target_name": "dev", "node_id": "test.sdg_flashtalk_demo.not_null_brz_doctors_doctor_name.507a712946"} */
select
      count(*) as failures,
      count(*) != 0 as should_warn,
      count(*) != 0 as should_error
    from (
      
    
    



select doctor_name
from SDG_FLASHTALK_BRZ.SOURCE_B.brz_doctors
where doctor_name is null



      
    ) dbt_internal_test
[0m10:06:12.718832 [debug] [Thread-5 (]: Using snowflake connection "test.sdg_flashtalk_demo.not_null_brz_doctors_specialty.ad5cb63e69"
[0m10:06:12.719413 [debug] [Thread-3 (]: On test.sdg_flashtalk_demo.not_null_brz_doctors_hire_date.95f5e4dfdf: /* {"app": "dbt", "dbt_version": "1.9.4", "profile_name": "sdg_flashtalk_demo", "target_name": "dev", "node_id": "test.sdg_flashtalk_demo.not_null_brz_doctors_hire_date.95f5e4dfdf"} */
select
      count(*) as failures,
      count(*) != 0 as should_warn,
      count(*) != 0 as should_error
    from (
      
    
    



select hire_date
from SDG_FLASHTALK_BRZ.SOURCE_B.brz_doctors
where hire_date is null



      
    ) dbt_internal_test
[0m10:06:12.719970 [debug] [Thread-2 (]: Opening a new connection, currently in state init
[0m10:06:12.720519 [debug] [Thread-5 (]: On test.sdg_flashtalk_demo.not_null_brz_doctors_specialty.ad5cb63e69: /* {"app": "dbt", "dbt_version": "1.9.4", "profile_name": "sdg_flashtalk_demo", "target_name": "dev", "node_id": "test.sdg_flashtalk_demo.not_null_brz_doctors_specialty.ad5cb63e69"} */
select
      count(*) as failures,
      count(*) != 0 as should_warn,
      count(*) != 0 as should_error
    from (
      
    
    



select specialty
from SDG_FLASHTALK_BRZ.SOURCE_B.brz_doctors
where specialty is null



      
    ) dbt_internal_test
[0m10:06:12.721101 [debug] [Thread-3 (]: Opening a new connection, currently in state init
[0m10:06:12.721796 [debug] [Thread-5 (]: Opening a new connection, currently in state init
[0m10:06:13.342955 [debug] [Thread-3 (]: SQL status: SUCCESS 1 in 0.622 seconds
[0m10:06:13.345342 [info ] [Thread-3 (]: 16 of 42 PASS not_null_brz_doctors_hire_date ................................... [[32mPASS[0m in 0.67s]
[0m10:06:13.346164 [debug] [Thread-3 (]: Finished running node test.sdg_flashtalk_demo.not_null_brz_doctors_hire_date.95f5e4dfdf
[0m10:06:13.346887 [debug] [Thread-3 (]: Began running node test.sdg_flashtalk_demo.unique_brz_doctors_doctor_id.c3721722bf
[0m10:06:13.347532 [info ] [Thread-3 (]: 18 of 42 START test unique_brz_doctors_doctor_id ............................... [RUN]
[0m10:06:13.348230 [debug] [Thread-3 (]: Re-using an available connection from the pool (formerly test.sdg_flashtalk_demo.not_null_brz_doctors_hire_date.95f5e4dfdf, now test.sdg_flashtalk_demo.unique_brz_doctors_doctor_id.c3721722bf)
[0m10:06:13.348742 [debug] [Thread-3 (]: Began compiling node test.sdg_flashtalk_demo.unique_brz_doctors_doctor_id.c3721722bf
[0m10:06:13.354744 [debug] [Thread-3 (]: Writing injected SQL for node "test.sdg_flashtalk_demo.unique_brz_doctors_doctor_id.c3721722bf"
[0m10:06:13.355528 [debug] [Thread-3 (]: Began executing node test.sdg_flashtalk_demo.unique_brz_doctors_doctor_id.c3721722bf
[0m10:06:13.359499 [debug] [Thread-3 (]: Writing runtime sql for node "test.sdg_flashtalk_demo.unique_brz_doctors_doctor_id.c3721722bf"
[0m10:06:13.360817 [debug] [Thread-3 (]: Using snowflake connection "test.sdg_flashtalk_demo.unique_brz_doctors_doctor_id.c3721722bf"
[0m10:06:13.361404 [debug] [Thread-3 (]: On test.sdg_flashtalk_demo.unique_brz_doctors_doctor_id.c3721722bf: /* {"app": "dbt", "dbt_version": "1.9.4", "profile_name": "sdg_flashtalk_demo", "target_name": "dev", "node_id": "test.sdg_flashtalk_demo.unique_brz_doctors_doctor_id.c3721722bf"} */
select
      count(*) as failures,
      count(*) != 0 as should_warn,
      count(*) != 0 as should_error
    from (
      
    
    

select
    doctor_id as unique_field,
    count(*) as n_records

from SDG_FLASHTALK_BRZ.SOURCE_B.brz_doctors
where doctor_id is not null
group by doctor_id
having count(*) > 1



      
    ) dbt_internal_test
[0m10:06:13.361913 [debug] [Thread-3 (]: Opening a new connection, currently in state init
[0m10:06:13.376700 [debug] [Thread-2 (]: SQL status: SUCCESS 1 in 0.657 seconds
[0m10:06:13.379135 [info ] [Thread-2 (]: 15 of 42 PASS not_null_brz_doctors_doctor_name ................................. [[32mPASS[0m in 0.70s]
[0m10:06:13.379934 [debug] [Thread-2 (]: Finished running node test.sdg_flashtalk_demo.not_null_brz_doctors_doctor_name.507a712946
[0m10:06:13.380594 [debug] [Thread-2 (]: Began running node model.sdg_flashtalk_demo.slv_base_appointments
[0m10:06:13.381380 [info ] [Thread-2 (]: 19 of 42 START sql table model SDG_FLASHTALK_SLV.BASE.slv_base_appointments .... [RUN]
[0m10:06:13.382061 [debug] [Thread-2 (]: Re-using an available connection from the pool (formerly test.sdg_flashtalk_demo.not_null_brz_doctors_doctor_name.507a712946, now model.sdg_flashtalk_demo.slv_base_appointments)
[0m10:06:13.382756 [debug] [Thread-2 (]: Began compiling node model.sdg_flashtalk_demo.slv_base_appointments
[0m10:06:13.388993 [debug] [Thread-2 (]: Writing injected SQL for node "model.sdg_flashtalk_demo.slv_base_appointments"
[0m10:06:13.389850 [debug] [Thread-2 (]: Began executing node model.sdg_flashtalk_demo.slv_base_appointments
[0m10:06:13.393914 [debug] [Thread-2 (]: Writing runtime sql for node "model.sdg_flashtalk_demo.slv_base_appointments"
[0m10:06:13.395596 [debug] [Thread-2 (]: Using snowflake connection "model.sdg_flashtalk_demo.slv_base_appointments"
[0m10:06:13.396209 [debug] [Thread-2 (]: On model.sdg_flashtalk_demo.slv_base_appointments: /* {"app": "dbt", "dbt_version": "1.9.4", "profile_name": "sdg_flashtalk_demo", "target_name": "dev", "node_id": "model.sdg_flashtalk_demo.slv_base_appointments"} */
create or replace transient table SDG_FLASHTALK_SLV.BASE.slv_base_appointments
         as
        (-- SILVER | Base — one row per source record, cleaned and keyed.
-- Cleaning, surrogate key, null handling. Still 1:1 with the source.

SELECT
    MD5(CAST(patient_id AS VARCHAR) || '|' ||
        CAST(appointment_date AS VARCHAR) || '|' ||
        doctor_id)                                          AS appointment_sk,
    patient_id,
    INITCAP(TRIM(patient_name))                             AS patient_name,
    TRIM(doctor_id)                                         AS doctor_id,
    appointment_date,
    LOWER(TRIM(status))                                     AS status,
    COALESCE(NULLIF(TRIM(notes), ''), 'No notes provided')  AS notes,
    _loaded_at,
    _source
FROM SDG_FLASHTALK_BRZ.SOURCE_A.brz_appointments
WHERE patient_id IS NOT NULL
  AND status     IS NOT NULL
        );
[0m10:06:13.397056 [debug] [Thread-4 (]: SQL status: SUCCESS 1 in 0.723 seconds
[0m10:06:13.397630 [debug] [Thread-2 (]: Opening a new connection, currently in state init
[0m10:06:13.400144 [info ] [Thread-4 (]: 14 of 42 PASS not_null_brz_doctors_doctor_id ................................... [[32mPASS[0m in 0.76s]
[0m10:06:13.401193 [debug] [Thread-4 (]: Finished running node test.sdg_flashtalk_demo.not_null_brz_doctors_doctor_id.f27ecd49fe
[0m10:06:13.402263 [debug] [Thread-5 (]: SQL status: SUCCESS 1 in 0.680 seconds
[0m10:06:13.404541 [info ] [Thread-5 (]: 17 of 42 PASS not_null_brz_doctors_specialty ................................... [[32mPASS[0m in 0.73s]
[0m10:06:13.405339 [debug] [Thread-5 (]: Finished running node test.sdg_flashtalk_demo.not_null_brz_doctors_specialty.ad5cb63e69
[0m10:06:14.074360 [debug] [Thread-3 (]: SQL status: SUCCESS 1 in 0.712 seconds
[0m10:06:14.076892 [info ] [Thread-3 (]: 18 of 42 PASS unique_brz_doctors_doctor_id ..................................... [[32mPASS[0m in 0.73s]
[0m10:06:14.077719 [debug] [Thread-3 (]: Finished running node test.sdg_flashtalk_demo.unique_brz_doctors_doctor_id.c3721722bf
[0m10:06:14.078720 [debug] [Thread-4 (]: Began running node model.sdg_flashtalk_demo.slv_base_doctors
[0m10:06:14.079472 [info ] [Thread-4 (]: 20 of 42 START sql table model SDG_FLASHTALK_SLV.BASE.slv_base_doctors ......... [RUN]
[0m10:06:14.080174 [debug] [Thread-4 (]: Re-using an available connection from the pool (formerly test.sdg_flashtalk_demo.not_null_brz_doctors_doctor_id.f27ecd49fe, now model.sdg_flashtalk_demo.slv_base_doctors)
[0m10:06:14.080689 [debug] [Thread-4 (]: Began compiling node model.sdg_flashtalk_demo.slv_base_doctors
[0m10:06:14.085727 [debug] [Thread-4 (]: Writing injected SQL for node "model.sdg_flashtalk_demo.slv_base_doctors"
[0m10:06:14.086613 [debug] [Thread-4 (]: Began executing node model.sdg_flashtalk_demo.slv_base_doctors
[0m10:06:14.090640 [debug] [Thread-4 (]: Writing runtime sql for node "model.sdg_flashtalk_demo.slv_base_doctors"
[0m10:06:14.092053 [debug] [Thread-4 (]: Using snowflake connection "model.sdg_flashtalk_demo.slv_base_doctors"
[0m10:06:14.092657 [debug] [Thread-4 (]: On model.sdg_flashtalk_demo.slv_base_doctors: /* {"app": "dbt", "dbt_version": "1.9.4", "profile_name": "sdg_flashtalk_demo", "target_name": "dev", "node_id": "model.sdg_flashtalk_demo.slv_base_doctors"} */
create or replace transient table SDG_FLASHTALK_SLV.BASE.slv_base_doctors
         as
        (-- SILVER | Base — provider records, cleaned and keyed.

SELECT
    TRIM(doctor_id)                 AS doctor_id,
    INITCAP(TRIM(doctor_name))      AS doctor_name,
    INITCAP(TRIM(specialty))        AS specialty,
    INITCAP(TRIM(department))       AS department,
    hire_date,
    _loaded_at,
    _source
FROM SDG_FLASHTALK_BRZ.SOURCE_B.brz_doctors
WHERE doctor_id IS NOT NULL
        );
[0m10:06:14.093210 [debug] [Thread-4 (]: Opening a new connection, currently in state init
[0m10:06:14.950067 [debug] [Thread-2 (]: SQL status: SUCCESS 1 in 1.552 seconds
[0m10:06:14.953102 [info ] [Thread-2 (]: 19 of 42 OK created sql table model SDG_FLASHTALK_SLV.BASE.slv_base_appointments  [[32mSUCCESS 1[0m in 1.57s]
[0m10:06:14.953938 [debug] [Thread-2 (]: Finished running node model.sdg_flashtalk_demo.slv_base_appointments
[0m10:06:14.955037 [debug] [Thread-3 (]: Began running node test.sdg_flashtalk_demo.not_null_slv_base_appointments_appointment_sk.8c27f3c08d
[0m10:06:14.955604 [debug] [Thread-5 (]: Began running node test.sdg_flashtalk_demo.not_null_slv_base_appointments_patient_id.3265c872c6
[0m10:06:14.956120 [debug] [Thread-2 (]: Began running node test.sdg_flashtalk_demo.unique_slv_base_appointments_appointment_sk.2cbc67735b
[0m10:06:14.956706 [info ] [Thread-3 (]: 21 of 42 START test not_null_slv_base_appointments_appointment_sk .............. [RUN]
[0m10:06:14.957377 [info ] [Thread-5 (]: 22 of 42 START test not_null_slv_base_appointments_patient_id .................. [RUN]
[0m10:06:14.957979 [info ] [Thread-2 (]: 23 of 42 START test unique_slv_base_appointments_appointment_sk ................ [RUN]
[0m10:06:14.958837 [debug] [Thread-3 (]: Re-using an available connection from the pool (formerly test.sdg_flashtalk_demo.unique_brz_doctors_doctor_id.c3721722bf, now test.sdg_flashtalk_demo.not_null_slv_base_appointments_appointment_sk.8c27f3c08d)
[0m10:06:14.959503 [debug] [Thread-5 (]: Re-using an available connection from the pool (formerly test.sdg_flashtalk_demo.not_null_brz_doctors_specialty.ad5cb63e69, now test.sdg_flashtalk_demo.not_null_slv_base_appointments_patient_id.3265c872c6)
[0m10:06:14.960140 [debug] [Thread-2 (]: Re-using an available connection from the pool (formerly model.sdg_flashtalk_demo.slv_base_appointments, now test.sdg_flashtalk_demo.unique_slv_base_appointments_appointment_sk.2cbc67735b)
[0m10:06:14.960720 [debug] [Thread-3 (]: Began compiling node test.sdg_flashtalk_demo.not_null_slv_base_appointments_appointment_sk.8c27f3c08d
[0m10:06:14.961260 [debug] [Thread-5 (]: Began compiling node test.sdg_flashtalk_demo.not_null_slv_base_appointments_patient_id.3265c872c6
[0m10:06:14.961769 [debug] [Thread-2 (]: Began compiling node test.sdg_flashtalk_demo.unique_slv_base_appointments_appointment_sk.2cbc67735b
[0m10:06:14.967903 [debug] [Thread-3 (]: Writing injected SQL for node "test.sdg_flashtalk_demo.not_null_slv_base_appointments_appointment_sk.8c27f3c08d"
[0m10:06:14.975918 [debug] [Thread-5 (]: Writing injected SQL for node "test.sdg_flashtalk_demo.not_null_slv_base_appointments_patient_id.3265c872c6"
[0m10:06:14.981714 [debug] [Thread-2 (]: Writing injected SQL for node "test.sdg_flashtalk_demo.unique_slv_base_appointments_appointment_sk.2cbc67735b"
[0m10:06:14.983135 [debug] [Thread-3 (]: Began executing node test.sdg_flashtalk_demo.not_null_slv_base_appointments_appointment_sk.8c27f3c08d
[0m10:06:14.984002 [debug] [Thread-5 (]: Began executing node test.sdg_flashtalk_demo.not_null_slv_base_appointments_patient_id.3265c872c6
[0m10:06:14.988238 [debug] [Thread-3 (]: Writing runtime sql for node "test.sdg_flashtalk_demo.not_null_slv_base_appointments_appointment_sk.8c27f3c08d"
[0m10:06:14.988826 [debug] [Thread-2 (]: Began executing node test.sdg_flashtalk_demo.unique_slv_base_appointments_appointment_sk.2cbc67735b
[0m10:06:14.992633 [debug] [Thread-5 (]: Writing runtime sql for node "test.sdg_flashtalk_demo.not_null_slv_base_appointments_patient_id.3265c872c6"
[0m10:06:14.998205 [debug] [Thread-2 (]: Writing runtime sql for node "test.sdg_flashtalk_demo.unique_slv_base_appointments_appointment_sk.2cbc67735b"
[0m10:06:14.999610 [debug] [Thread-3 (]: Using snowflake connection "test.sdg_flashtalk_demo.not_null_slv_base_appointments_appointment_sk.8c27f3c08d"
[0m10:06:15.001006 [debug] [Thread-5 (]: Using snowflake connection "test.sdg_flashtalk_demo.not_null_slv_base_appointments_patient_id.3265c872c6"
[0m10:06:15.001802 [debug] [Thread-3 (]: On test.sdg_flashtalk_demo.not_null_slv_base_appointments_appointment_sk.8c27f3c08d: /* {"app": "dbt", "dbt_version": "1.9.4", "profile_name": "sdg_flashtalk_demo", "target_name": "dev", "node_id": "test.sdg_flashtalk_demo.not_null_slv_base_appointments_appointment_sk.8c27f3c08d"} */
select
      count(*) as failures,
      count(*) != 0 as should_warn,
      count(*) != 0 as should_error
    from (
      
    
    



select appointment_sk
from SDG_FLASHTALK_SLV.BASE.slv_base_appointments
where appointment_sk is null



      
    ) dbt_internal_test
[0m10:06:15.002975 [debug] [Thread-2 (]: Using snowflake connection "test.sdg_flashtalk_demo.unique_slv_base_appointments_appointment_sk.2cbc67735b"
[0m10:06:15.003637 [debug] [Thread-5 (]: On test.sdg_flashtalk_demo.not_null_slv_base_appointments_patient_id.3265c872c6: /* {"app": "dbt", "dbt_version": "1.9.4", "profile_name": "sdg_flashtalk_demo", "target_name": "dev", "node_id": "test.sdg_flashtalk_demo.not_null_slv_base_appointments_patient_id.3265c872c6"} */
select
      count(*) as failures,
      count(*) != 0 as should_warn,
      count(*) != 0 as should_error
    from (
      
    
    



select patient_id
from SDG_FLASHTALK_SLV.BASE.slv_base_appointments
where patient_id is null



      
    ) dbt_internal_test
[0m10:06:15.004216 [debug] [Thread-3 (]: Opening a new connection, currently in state init
[0m10:06:15.004785 [debug] [Thread-2 (]: On test.sdg_flashtalk_demo.unique_slv_base_appointments_appointment_sk.2cbc67735b: /* {"app": "dbt", "dbt_version": "1.9.4", "profile_name": "sdg_flashtalk_demo", "target_name": "dev", "node_id": "test.sdg_flashtalk_demo.unique_slv_base_appointments_appointment_sk.2cbc67735b"} */
select
      count(*) as failures,
      count(*) != 0 as should_warn,
      count(*) != 0 as should_error
    from (
      
    
    

select
    appointment_sk as unique_field,
    count(*) as n_records

from SDG_FLASHTALK_SLV.BASE.slv_base_appointments
where appointment_sk is not null
group by appointment_sk
having count(*) > 1



      
    ) dbt_internal_test
[0m10:06:15.005353 [debug] [Thread-5 (]: Opening a new connection, currently in state init
[0m10:06:15.005943 [debug] [Thread-2 (]: Opening a new connection, currently in state init
[0m10:06:15.414645 [debug] [Thread-4 (]: SQL status: SUCCESS 1 in 1.321 seconds
[0m10:06:15.417535 [info ] [Thread-4 (]: 20 of 42 OK created sql table model SDG_FLASHTALK_SLV.BASE.slv_base_doctors .... [[32mSUCCESS 1[0m in 1.34s]
[0m10:06:15.418327 [debug] [Thread-4 (]: Finished running node model.sdg_flashtalk_demo.slv_base_doctors
[0m10:06:15.419362 [debug] [Thread-4 (]: Began running node test.sdg_flashtalk_demo.not_null_slv_base_doctors_doctor_id.e5b0b0e4f4
[0m10:06:15.419950 [info ] [Thread-4 (]: 24 of 42 START test not_null_slv_base_doctors_doctor_id ........................ [RUN]
[0m10:06:15.420628 [debug] [Thread-4 (]: Re-using an available connection from the pool (formerly model.sdg_flashtalk_demo.slv_base_doctors, now test.sdg_flashtalk_demo.not_null_slv_base_doctors_doctor_id.e5b0b0e4f4)
[0m10:06:15.421147 [debug] [Thread-4 (]: Began compiling node test.sdg_flashtalk_demo.not_null_slv_base_doctors_doctor_id.e5b0b0e4f4
[0m10:06:15.427520 [debug] [Thread-4 (]: Writing injected SQL for node "test.sdg_flashtalk_demo.not_null_slv_base_doctors_doctor_id.e5b0b0e4f4"
[0m10:06:15.429019 [debug] [Thread-4 (]: Began executing node test.sdg_flashtalk_demo.not_null_slv_base_doctors_doctor_id.e5b0b0e4f4
[0m10:06:15.433026 [debug] [Thread-4 (]: Writing runtime sql for node "test.sdg_flashtalk_demo.not_null_slv_base_doctors_doctor_id.e5b0b0e4f4"
[0m10:06:15.434251 [debug] [Thread-4 (]: Using snowflake connection "test.sdg_flashtalk_demo.not_null_slv_base_doctors_doctor_id.e5b0b0e4f4"
[0m10:06:15.434907 [debug] [Thread-4 (]: On test.sdg_flashtalk_demo.not_null_slv_base_doctors_doctor_id.e5b0b0e4f4: /* {"app": "dbt", "dbt_version": "1.9.4", "profile_name": "sdg_flashtalk_demo", "target_name": "dev", "node_id": "test.sdg_flashtalk_demo.not_null_slv_base_doctors_doctor_id.e5b0b0e4f4"} */
select
      count(*) as failures,
      count(*) != 0 as should_warn,
      count(*) != 0 as should_error
    from (
      
    
    



select doctor_id
from SDG_FLASHTALK_SLV.BASE.slv_base_doctors
where doctor_id is null



      
    ) dbt_internal_test
[0m10:06:15.435438 [debug] [Thread-4 (]: Opening a new connection, currently in state init
[0m10:06:15.713057 [debug] [Thread-5 (]: SQL status: SUCCESS 1 in 0.708 seconds
[0m10:06:15.713894 [debug] [Thread-3 (]: SQL status: SUCCESS 1 in 0.710 seconds
[0m10:06:15.716290 [info ] [Thread-5 (]: 22 of 42 PASS not_null_slv_base_appointments_patient_id ........................ [[32mPASS[0m in 0.76s]
[0m10:06:15.718429 [info ] [Thread-3 (]: 21 of 42 PASS not_null_slv_base_appointments_appointment_sk .................... [[32mPASS[0m in 0.76s]
[0m10:06:15.719347 [debug] [Thread-5 (]: Finished running node test.sdg_flashtalk_demo.not_null_slv_base_appointments_patient_id.3265c872c6
[0m10:06:15.720027 [debug] [Thread-3 (]: Finished running node test.sdg_flashtalk_demo.not_null_slv_base_appointments_appointment_sk.8c27f3c08d
[0m10:06:15.720641 [debug] [Thread-5 (]: Began running node test.sdg_flashtalk_demo.unique_slv_base_doctors_doctor_id.233da7a616
[0m10:06:15.721453 [info ] [Thread-5 (]: 25 of 42 START test unique_slv_base_doctors_doctor_id .......................... [RUN]
[0m10:06:15.722115 [debug] [Thread-5 (]: Re-using an available connection from the pool (formerly test.sdg_flashtalk_demo.not_null_slv_base_appointments_patient_id.3265c872c6, now test.sdg_flashtalk_demo.unique_slv_base_doctors_doctor_id.233da7a616)
[0m10:06:15.722726 [debug] [Thread-5 (]: Began compiling node test.sdg_flashtalk_demo.unique_slv_base_doctors_doctor_id.233da7a616
[0m10:06:15.723643 [debug] [Thread-2 (]: SQL status: SUCCESS 1 in 0.718 seconds
[0m10:06:15.729773 [debug] [Thread-5 (]: Writing injected SQL for node "test.sdg_flashtalk_demo.unique_slv_base_doctors_doctor_id.233da7a616"
[0m10:06:15.732226 [info ] [Thread-2 (]: 23 of 42 PASS unique_slv_base_appointments_appointment_sk ...................... [[32mPASS[0m in 0.77s]
[0m10:06:15.733204 [debug] [Thread-2 (]: Finished running node test.sdg_flashtalk_demo.unique_slv_base_appointments_appointment_sk.2cbc67735b
[0m10:06:15.734082 [debug] [Thread-5 (]: Began executing node test.sdg_flashtalk_demo.unique_slv_base_doctors_doctor_id.233da7a616
[0m10:06:15.735036 [debug] [Thread-3 (]: Began running node model.sdg_flashtalk_demo.slv_appointments
[0m10:06:15.741092 [debug] [Thread-5 (]: Writing runtime sql for node "test.sdg_flashtalk_demo.unique_slv_base_doctors_doctor_id.233da7a616"
[0m10:06:15.741893 [info ] [Thread-3 (]: 26 of 42 START sql table model SDG_FLASHTALK_SLV.APPOINTMENTS.slv_appointments . [RUN]
[0m10:06:15.743022 [debug] [Thread-3 (]: Re-using an available connection from the pool (formerly test.sdg_flashtalk_demo.not_null_slv_base_appointments_appointment_sk.8c27f3c08d, now model.sdg_flashtalk_demo.slv_appointments)
[0m10:06:15.744140 [debug] [Thread-5 (]: Using snowflake connection "test.sdg_flashtalk_demo.unique_slv_base_doctors_doctor_id.233da7a616"
[0m10:06:15.744697 [debug] [Thread-3 (]: Began compiling node model.sdg_flashtalk_demo.slv_appointments
[0m10:06:15.745342 [debug] [Thread-5 (]: On test.sdg_flashtalk_demo.unique_slv_base_doctors_doctor_id.233da7a616: /* {"app": "dbt", "dbt_version": "1.9.4", "profile_name": "sdg_flashtalk_demo", "target_name": "dev", "node_id": "test.sdg_flashtalk_demo.unique_slv_base_doctors_doctor_id.233da7a616"} */
select
      count(*) as failures,
      count(*) != 0 as should_warn,
      count(*) != 0 as should_error
    from (
      
    
    

select
    doctor_id as unique_field,
    count(*) as n_records

from SDG_FLASHTALK_SLV.BASE.slv_base_doctors
where doctor_id is not null
group by doctor_id
having count(*) > 1



      
    ) dbt_internal_test
[0m10:06:15.750030 [debug] [Thread-3 (]: Writing injected SQL for node "model.sdg_flashtalk_demo.slv_appointments"
[0m10:06:15.751546 [debug] [Thread-5 (]: Opening a new connection, currently in state init
[0m10:06:15.752615 [debug] [Thread-3 (]: Began executing node model.sdg_flashtalk_demo.slv_appointments
[0m10:06:15.756756 [debug] [Thread-3 (]: Writing runtime sql for node "model.sdg_flashtalk_demo.slv_appointments"
[0m10:06:15.757991 [debug] [Thread-3 (]: Using snowflake connection "model.sdg_flashtalk_demo.slv_appointments"
[0m10:06:15.758648 [debug] [Thread-3 (]: On model.sdg_flashtalk_demo.slv_appointments: /* {"app": "dbt", "dbt_version": "1.9.4", "profile_name": "sdg_flashtalk_demo", "target_name": "dev", "node_id": "model.sdg_flashtalk_demo.slv_appointments"} */
create or replace transient table SDG_FLASHTALK_SLV.APPOINTMENTS.slv_appointments
         as
        (SELECT
    appointment_sk,
    patient_id,
    patient_name,
    doctor_id,
    appointment_date,
    status,
    notes,
    _loaded_at,
    _source
FROM SDG_FLASHTALK_SLV.BASE.slv_base_appointments
        );
[0m10:06:15.759179 [debug] [Thread-3 (]: Opening a new connection, currently in state init
[0m10:06:16.198730 [debug] [Thread-4 (]: SQL status: SUCCESS 1 in 0.763 seconds
[0m10:06:16.201272 [info ] [Thread-4 (]: 24 of 42 PASS not_null_slv_base_doctors_doctor_id .............................. [[32mPASS[0m in 0.78s]
[0m10:06:16.202130 [debug] [Thread-4 (]: Finished running node test.sdg_flashtalk_demo.not_null_slv_base_doctors_doctor_id.e5b0b0e4f4
[0m10:06:16.494071 [debug] [Thread-5 (]: SQL status: SUCCESS 1 in 0.742 seconds
[0m10:06:16.496560 [info ] [Thread-5 (]: 25 of 42 PASS unique_slv_base_doctors_doctor_id ................................ [[32mPASS[0m in 0.77s]
[0m10:06:16.497469 [debug] [Thread-5 (]: Finished running node test.sdg_flashtalk_demo.unique_slv_base_doctors_doctor_id.233da7a616
[0m10:06:16.498528 [debug] [Thread-2 (]: Began running node model.sdg_flashtalk_demo.slv_doctors
[0m10:06:16.499290 [info ] [Thread-2 (]: 27 of 42 START sql table model SDG_FLASHTALK_SLV.DOCTORS.slv_doctors ........... [RUN]
[0m10:06:16.499999 [debug] [Thread-2 (]: Re-using an available connection from the pool (formerly test.sdg_flashtalk_demo.unique_slv_base_appointments_appointment_sk.2cbc67735b, now model.sdg_flashtalk_demo.slv_doctors)
[0m10:06:16.500516 [debug] [Thread-2 (]: Began compiling node model.sdg_flashtalk_demo.slv_doctors
[0m10:06:16.505468 [debug] [Thread-2 (]: Writing injected SQL for node "model.sdg_flashtalk_demo.slv_doctors"
[0m10:06:16.506241 [debug] [Thread-2 (]: Began executing node model.sdg_flashtalk_demo.slv_doctors
[0m10:06:16.510249 [debug] [Thread-2 (]: Writing runtime sql for node "model.sdg_flashtalk_demo.slv_doctors"
[0m10:06:16.511567 [debug] [Thread-2 (]: Using snowflake connection "model.sdg_flashtalk_demo.slv_doctors"
[0m10:06:16.512163 [debug] [Thread-2 (]: On model.sdg_flashtalk_demo.slv_doctors: /* {"app": "dbt", "dbt_version": "1.9.4", "profile_name": "sdg_flashtalk_demo", "target_name": "dev", "node_id": "model.sdg_flashtalk_demo.slv_doctors"} */
create or replace transient table SDG_FLASHTALK_SLV.DOCTORS.slv_doctors
         as
        (-- SILVER | Doctors — conformed provider dimension.
-- The business-facing definition of a provider. Downstream models join here,
-- not to the raw source.

SELECT
    doctor_id,
    doctor_name,
    specialty,
    department,
    hire_date,
    DATEDIFF('year', hire_date, CURRENT_DATE()) AS years_of_service
FROM SDG_FLASHTALK_SLV.BASE.slv_base_doctors
        );
[0m10:06:16.512781 [debug] [Thread-2 (]: Opening a new connection, currently in state init
[0m10:06:17.310409 [debug] [Thread-3 (]: SQL status: SUCCESS 1 in 1.551 seconds
[0m10:06:17.313358 [info ] [Thread-3 (]: 26 of 42 OK created sql table model SDG_FLASHTALK_SLV.APPOINTMENTS.slv_appointments  [[32mSUCCESS 1[0m in 1.57s]
[0m10:06:17.314129 [debug] [Thread-3 (]: Finished running node model.sdg_flashtalk_demo.slv_appointments
[0m10:06:17.315216 [debug] [Thread-5 (]: Began running node test.sdg_flashtalk_demo.accepted_values_slv_appointments_status__completed__cancelled__scheduled.aa0ea9000b
[0m10:06:17.315778 [debug] [Thread-4 (]: Began running node test.sdg_flashtalk_demo.not_null_slv_appointments_appointment_sk.47a527c6ee
[0m10:06:17.316320 [debug] [Thread-3 (]: Began running node test.sdg_flashtalk_demo.not_null_slv_appointments_doctor_id.8398970ba5
[0m10:06:17.316889 [info ] [Thread-5 (]: 28 of 42 START test accepted_values_slv_appointments_status__completed__cancelled__scheduled  [RUN]
[0m10:06:17.317537 [info ] [Thread-4 (]: 29 of 42 START test not_null_slv_appointments_appointment_sk ................... [RUN]
[0m10:06:17.318119 [info ] [Thread-3 (]: 30 of 42 START test not_null_slv_appointments_doctor_id ........................ [RUN]
[0m10:06:17.318918 [debug] [Thread-5 (]: Re-using an available connection from the pool (formerly test.sdg_flashtalk_demo.unique_slv_base_doctors_doctor_id.233da7a616, now test.sdg_flashtalk_demo.accepted_values_slv_appointments_status__completed__cancelled__scheduled.aa0ea9000b)
[0m10:06:17.319513 [debug] [Thread-4 (]: Re-using an available connection from the pool (formerly test.sdg_flashtalk_demo.not_null_slv_base_doctors_doctor_id.e5b0b0e4f4, now test.sdg_flashtalk_demo.not_null_slv_appointments_appointment_sk.47a527c6ee)
[0m10:06:17.320107 [debug] [Thread-3 (]: Re-using an available connection from the pool (formerly model.sdg_flashtalk_demo.slv_appointments, now test.sdg_flashtalk_demo.not_null_slv_appointments_doctor_id.8398970ba5)
[0m10:06:17.320636 [debug] [Thread-5 (]: Began compiling node test.sdg_flashtalk_demo.accepted_values_slv_appointments_status__completed__cancelled__scheduled.aa0ea9000b
[0m10:06:17.321157 [debug] [Thread-4 (]: Began compiling node test.sdg_flashtalk_demo.not_null_slv_appointments_appointment_sk.47a527c6ee
[0m10:06:17.321702 [debug] [Thread-3 (]: Began compiling node test.sdg_flashtalk_demo.not_null_slv_appointments_doctor_id.8398970ba5
[0m10:06:17.329810 [debug] [Thread-5 (]: Writing injected SQL for node "test.sdg_flashtalk_demo.accepted_values_slv_appointments_status__completed__cancelled__scheduled.aa0ea9000b"
[0m10:06:17.335704 [debug] [Thread-4 (]: Writing injected SQL for node "test.sdg_flashtalk_demo.not_null_slv_appointments_appointment_sk.47a527c6ee"
[0m10:06:17.341411 [debug] [Thread-3 (]: Writing injected SQL for node "test.sdg_flashtalk_demo.not_null_slv_appointments_doctor_id.8398970ba5"
[0m10:06:17.342871 [debug] [Thread-5 (]: Began executing node test.sdg_flashtalk_demo.accepted_values_slv_appointments_status__completed__cancelled__scheduled.aa0ea9000b
[0m10:06:17.343511 [debug] [Thread-4 (]: Began executing node test.sdg_flashtalk_demo.not_null_slv_appointments_appointment_sk.47a527c6ee
[0m10:06:17.347874 [debug] [Thread-5 (]: Writing runtime sql for node "test.sdg_flashtalk_demo.accepted_values_slv_appointments_status__completed__cancelled__scheduled.aa0ea9000b"
[0m10:06:17.348451 [debug] [Thread-3 (]: Began executing node test.sdg_flashtalk_demo.not_null_slv_appointments_doctor_id.8398970ba5
[0m10:06:17.352778 [debug] [Thread-4 (]: Writing runtime sql for node "test.sdg_flashtalk_demo.not_null_slv_appointments_appointment_sk.47a527c6ee"
[0m10:06:17.358336 [debug] [Thread-3 (]: Writing runtime sql for node "test.sdg_flashtalk_demo.not_null_slv_appointments_doctor_id.8398970ba5"
[0m10:06:17.359747 [debug] [Thread-5 (]: Using snowflake connection "test.sdg_flashtalk_demo.accepted_values_slv_appointments_status__completed__cancelled__scheduled.aa0ea9000b"
[0m10:06:17.361239 [debug] [Thread-4 (]: Using snowflake connection "test.sdg_flashtalk_demo.not_null_slv_appointments_appointment_sk.47a527c6ee"
[0m10:06:17.361989 [debug] [Thread-5 (]: On test.sdg_flashtalk_demo.accepted_values_slv_appointments_status__completed__cancelled__scheduled.aa0ea9000b: /* {"app": "dbt", "dbt_version": "1.9.4", "profile_name": "sdg_flashtalk_demo", "target_name": "dev", "node_id": "test.sdg_flashtalk_demo.accepted_values_slv_appointments_status__completed__cancelled__scheduled.aa0ea9000b"} */
select
      count(*) as failures,
      count(*) != 0 as should_warn,
      count(*) != 0 as should_error
    from (
      
    
    

with all_values as (

    select
        status as value_field,
        count(*) as n_records

    from SDG_FLASHTALK_SLV.APPOINTMENTS.slv_appointments
    group by status

)

select *
from all_values
where value_field not in (
    'completed','cancelled','scheduled'
)



      
    ) dbt_internal_test
[0m10:06:17.363085 [debug] [Thread-3 (]: Using snowflake connection "test.sdg_flashtalk_demo.not_null_slv_appointments_doctor_id.8398970ba5"
[0m10:06:17.363702 [debug] [Thread-4 (]: On test.sdg_flashtalk_demo.not_null_slv_appointments_appointment_sk.47a527c6ee: /* {"app": "dbt", "dbt_version": "1.9.4", "profile_name": "sdg_flashtalk_demo", "target_name": "dev", "node_id": "test.sdg_flashtalk_demo.not_null_slv_appointments_appointment_sk.47a527c6ee"} */
select
      count(*) as failures,
      count(*) != 0 as should_warn,
      count(*) != 0 as should_error
    from (
      
    
    



select appointment_sk
from SDG_FLASHTALK_SLV.APPOINTMENTS.slv_appointments
where appointment_sk is null



      
    ) dbt_internal_test
[0m10:06:17.364282 [debug] [Thread-5 (]: Opening a new connection, currently in state init
[0m10:06:17.364894 [debug] [Thread-3 (]: On test.sdg_flashtalk_demo.not_null_slv_appointments_doctor_id.8398970ba5: /* {"app": "dbt", "dbt_version": "1.9.4", "profile_name": "sdg_flashtalk_demo", "target_name": "dev", "node_id": "test.sdg_flashtalk_demo.not_null_slv_appointments_doctor_id.8398970ba5"} */
select
      count(*) as failures,
      count(*) != 0 as should_warn,
      count(*) != 0 as should_error
    from (
      
    
    



select doctor_id
from SDG_FLASHTALK_SLV.APPOINTMENTS.slv_appointments
where doctor_id is null



      
    ) dbt_internal_test
[0m10:06:17.365414 [debug] [Thread-4 (]: Opening a new connection, currently in state init
[0m10:06:17.366080 [debug] [Thread-3 (]: Opening a new connection, currently in state init
[0m10:06:18.084673 [debug] [Thread-2 (]: SQL status: SUCCESS 1 in 1.572 seconds
[0m10:06:18.087757 [info ] [Thread-2 (]: 27 of 42 OK created sql table model SDG_FLASHTALK_SLV.DOCTORS.slv_doctors ...... [[32mSUCCESS 1[0m in 1.59s]
[0m10:06:18.088494 [debug] [Thread-2 (]: Finished running node model.sdg_flashtalk_demo.slv_doctors
[0m10:06:18.089133 [debug] [Thread-2 (]: Began running node test.sdg_flashtalk_demo.unique_slv_appointments_appointment_sk.df7efeabff
[0m10:06:18.089985 [info ] [Thread-2 (]: 31 of 42 START test unique_slv_appointments_appointment_sk ..................... [RUN]
[0m10:06:18.090736 [debug] [Thread-2 (]: Re-using an available connection from the pool (formerly model.sdg_flashtalk_demo.slv_doctors, now test.sdg_flashtalk_demo.unique_slv_appointments_appointment_sk.df7efeabff)
[0m10:06:18.091249 [debug] [Thread-2 (]: Began compiling node test.sdg_flashtalk_demo.unique_slv_appointments_appointment_sk.df7efeabff
[0m10:06:18.096855 [debug] [Thread-2 (]: Writing injected SQL for node "test.sdg_flashtalk_demo.unique_slv_appointments_appointment_sk.df7efeabff"
[0m10:06:18.097571 [debug] [Thread-2 (]: Began executing node test.sdg_flashtalk_demo.unique_slv_appointments_appointment_sk.df7efeabff
[0m10:06:18.101398 [debug] [Thread-2 (]: Writing runtime sql for node "test.sdg_flashtalk_demo.unique_slv_appointments_appointment_sk.df7efeabff"
[0m10:06:18.102833 [debug] [Thread-2 (]: Using snowflake connection "test.sdg_flashtalk_demo.unique_slv_appointments_appointment_sk.df7efeabff"
[0m10:06:18.103419 [debug] [Thread-2 (]: On test.sdg_flashtalk_demo.unique_slv_appointments_appointment_sk.df7efeabff: /* {"app": "dbt", "dbt_version": "1.9.4", "profile_name": "sdg_flashtalk_demo", "target_name": "dev", "node_id": "test.sdg_flashtalk_demo.unique_slv_appointments_appointment_sk.df7efeabff"} */
select
      count(*) as failures,
      count(*) != 0 as should_warn,
      count(*) != 0 as should_error
    from (
      
    
    

select
    appointment_sk as unique_field,
    count(*) as n_records

from SDG_FLASHTALK_SLV.APPOINTMENTS.slv_appointments
where appointment_sk is not null
group by appointment_sk
having count(*) > 1



      
    ) dbt_internal_test
[0m10:06:18.103931 [debug] [Thread-2 (]: Opening a new connection, currently in state init
[0m10:06:18.175906 [debug] [Thread-4 (]: SQL status: SUCCESS 1 in 0.810 seconds
[0m10:06:18.178405 [info ] [Thread-4 (]: 29 of 42 PASS not_null_slv_appointments_appointment_sk ......................... [[32mPASS[0m in 0.86s]
[0m10:06:18.179344 [debug] [Thread-4 (]: Finished running node test.sdg_flashtalk_demo.not_null_slv_appointments_appointment_sk.47a527c6ee
[0m10:06:18.180018 [debug] [Thread-4 (]: Began running node test.sdg_flashtalk_demo.not_null_slv_doctors_doctor_id.e199340645
[0m10:06:18.180656 [info ] [Thread-4 (]: 32 of 42 START test not_null_slv_doctors_doctor_id ............................. [RUN]
[0m10:06:18.181348 [debug] [Thread-4 (]: Re-using an available connection from the pool (formerly test.sdg_flashtalk_demo.not_null_slv_appointments_appointment_sk.47a527c6ee, now test.sdg_flashtalk_demo.not_null_slv_doctors_doctor_id.e199340645)
[0m10:06:18.181870 [debug] [Thread-4 (]: Began compiling node test.sdg_flashtalk_demo.not_null_slv_doctors_doctor_id.e199340645
[0m10:06:18.187765 [debug] [Thread-4 (]: Writing injected SQL for node "test.sdg_flashtalk_demo.not_null_slv_doctors_doctor_id.e199340645"
[0m10:06:18.188601 [debug] [Thread-3 (]: SQL status: SUCCESS 1 in 0.822 seconds
[0m10:06:18.191147 [info ] [Thread-3 (]: 30 of 42 PASS not_null_slv_appointments_doctor_id .............................. [[32mPASS[0m in 0.87s]
[0m10:06:18.192112 [debug] [Thread-3 (]: Finished running node test.sdg_flashtalk_demo.not_null_slv_appointments_doctor_id.8398970ba5
[0m10:06:18.192598 [debug] [Thread-4 (]: Began executing node test.sdg_flashtalk_demo.not_null_slv_doctors_doctor_id.e199340645
[0m10:06:18.193322 [debug] [Thread-3 (]: Began running node test.sdg_flashtalk_demo.not_null_slv_doctors_doctor_name.1e5fc2d09d
[0m10:06:18.198951 [debug] [Thread-4 (]: Writing runtime sql for node "test.sdg_flashtalk_demo.not_null_slv_doctors_doctor_id.e199340645"
[0m10:06:18.199577 [info ] [Thread-3 (]: 33 of 42 START test not_null_slv_doctors_doctor_name ........................... [RUN]
[0m10:06:18.200873 [debug] [Thread-3 (]: Re-using an available connection from the pool (formerly test.sdg_flashtalk_demo.not_null_slv_appointments_doctor_id.8398970ba5, now test.sdg_flashtalk_demo.not_null_slv_doctors_doctor_name.1e5fc2d09d)
[0m10:06:18.201560 [debug] [Thread-3 (]: Began compiling node test.sdg_flashtalk_demo.not_null_slv_doctors_doctor_name.1e5fc2d09d
[0m10:06:18.202537 [debug] [Thread-4 (]: Using snowflake connection "test.sdg_flashtalk_demo.not_null_slv_doctors_doctor_id.e199340645"
[0m10:06:18.208351 [debug] [Thread-3 (]: Writing injected SQL for node "test.sdg_flashtalk_demo.not_null_slv_doctors_doctor_name.1e5fc2d09d"
[0m10:06:18.208994 [debug] [Thread-4 (]: On test.sdg_flashtalk_demo.not_null_slv_doctors_doctor_id.e199340645: /* {"app": "dbt", "dbt_version": "1.9.4", "profile_name": "sdg_flashtalk_demo", "target_name": "dev", "node_id": "test.sdg_flashtalk_demo.not_null_slv_doctors_doctor_id.e199340645"} */
select
      count(*) as failures,
      count(*) != 0 as should_warn,
      count(*) != 0 as should_error
    from (
      
    
    



select doctor_id
from SDG_FLASHTALK_SLV.DOCTORS.slv_doctors
where doctor_id is null



      
    ) dbt_internal_test
[0m10:06:18.209836 [debug] [Thread-4 (]: Opening a new connection, currently in state init
[0m10:06:18.210406 [debug] [Thread-3 (]: Began executing node test.sdg_flashtalk_demo.not_null_slv_doctors_doctor_name.1e5fc2d09d
[0m10:06:18.214906 [debug] [Thread-3 (]: Writing runtime sql for node "test.sdg_flashtalk_demo.not_null_slv_doctors_doctor_name.1e5fc2d09d"
[0m10:06:18.216123 [debug] [Thread-3 (]: Using snowflake connection "test.sdg_flashtalk_demo.not_null_slv_doctors_doctor_name.1e5fc2d09d"
[0m10:06:18.224250 [debug] [Thread-3 (]: On test.sdg_flashtalk_demo.not_null_slv_doctors_doctor_name.1e5fc2d09d: /* {"app": "dbt", "dbt_version": "1.9.4", "profile_name": "sdg_flashtalk_demo", "target_name": "dev", "node_id": "test.sdg_flashtalk_demo.not_null_slv_doctors_doctor_name.1e5fc2d09d"} */
select
      count(*) as failures,
      count(*) != 0 as should_warn,
      count(*) != 0 as should_error
    from (
      
    
    



select doctor_name
from SDG_FLASHTALK_SLV.DOCTORS.slv_doctors
where doctor_name is null



      
    ) dbt_internal_test
[0m10:06:18.225077 [debug] [Thread-3 (]: Opening a new connection, currently in state init
[0m10:06:18.272473 [debug] [Thread-5 (]: SQL status: SUCCESS 1 in 0.908 seconds
[0m10:06:18.274909 [info ] [Thread-5 (]: 28 of 42 PASS accepted_values_slv_appointments_status__completed__cancelled__scheduled  [[32mPASS[0m in 0.96s]
[0m10:06:18.275715 [debug] [Thread-5 (]: Finished running node test.sdg_flashtalk_demo.accepted_values_slv_appointments_status__completed__cancelled__scheduled.aa0ea9000b
[0m10:06:18.276376 [debug] [Thread-5 (]: Began running node test.sdg_flashtalk_demo.relationships_slv_appointments_doctor_id__doctor_id__ref_slv_doctors_.39dcd681c1
[0m10:06:18.277038 [info ] [Thread-5 (]: 34 of 42 START test relationships_slv_appointments_doctor_id__doctor_id__ref_slv_doctors_  [RUN]
[0m10:06:18.277714 [debug] [Thread-5 (]: Re-using an available connection from the pool (formerly test.sdg_flashtalk_demo.accepted_values_slv_appointments_status__completed__cancelled__scheduled.aa0ea9000b, now test.sdg_flashtalk_demo.relationships_slv_appointments_doctor_id__doctor_id__ref_slv_doctors_.39dcd681c1)
[0m10:06:18.278248 [debug] [Thread-5 (]: Began compiling node test.sdg_flashtalk_demo.relationships_slv_appointments_doctor_id__doctor_id__ref_slv_doctors_.39dcd681c1
[0m10:06:18.289488 [debug] [Thread-5 (]: Writing injected SQL for node "test.sdg_flashtalk_demo.relationships_slv_appointments_doctor_id__doctor_id__ref_slv_doctors_.39dcd681c1"
[0m10:06:18.290322 [debug] [Thread-5 (]: Began executing node test.sdg_flashtalk_demo.relationships_slv_appointments_doctor_id__doctor_id__ref_slv_doctors_.39dcd681c1
[0m10:06:18.295634 [debug] [Thread-5 (]: Writing runtime sql for node "test.sdg_flashtalk_demo.relationships_slv_appointments_doctor_id__doctor_id__ref_slv_doctors_.39dcd681c1"
[0m10:06:18.297832 [debug] [Thread-5 (]: Using snowflake connection "test.sdg_flashtalk_demo.relationships_slv_appointments_doctor_id__doctor_id__ref_slv_doctors_.39dcd681c1"
[0m10:06:18.298566 [debug] [Thread-5 (]: On test.sdg_flashtalk_demo.relationships_slv_appointments_doctor_id__doctor_id__ref_slv_doctors_.39dcd681c1: /* {"app": "dbt", "dbt_version": "1.9.4", "profile_name": "sdg_flashtalk_demo", "target_name": "dev", "node_id": "test.sdg_flashtalk_demo.relationships_slv_appointments_doctor_id__doctor_id__ref_slv_doctors_.39dcd681c1"} */
select
      count(*) as failures,
      count(*) != 0 as should_warn,
      count(*) != 0 as should_error
    from (
      
    
    

with child as (
    select doctor_id as from_field
    from SDG_FLASHTALK_SLV.APPOINTMENTS.slv_appointments
    where doctor_id is not null
),

parent as (
    select doctor_id as to_field
    from SDG_FLASHTALK_SLV.DOCTORS.slv_doctors
)

select
    from_field

from child
left join parent
    on child.from_field = parent.to_field

where parent.to_field is null



      
    ) dbt_internal_test
[0m10:06:18.299208 [debug] [Thread-5 (]: Opening a new connection, currently in state init
[0m10:06:18.807422 [debug] [Thread-2 (]: SQL status: SUCCESS 1 in 0.703 seconds
[0m10:06:18.810342 [info ] [Thread-2 (]: 31 of 42 PASS unique_slv_appointments_appointment_sk ........................... [[32mPASS[0m in 0.72s]
[0m10:06:18.811283 [debug] [Thread-2 (]: Finished running node test.sdg_flashtalk_demo.unique_slv_appointments_appointment_sk.df7efeabff
[0m10:06:18.811974 [debug] [Thread-2 (]: Began running node test.sdg_flashtalk_demo.unique_slv_doctors_doctor_id.4bc6b88ae3
[0m10:06:18.812624 [info ] [Thread-2 (]: 35 of 42 START test unique_slv_doctors_doctor_id ............................... [RUN]
[0m10:06:18.813294 [debug] [Thread-2 (]: Re-using an available connection from the pool (formerly test.sdg_flashtalk_demo.unique_slv_appointments_appointment_sk.df7efeabff, now test.sdg_flashtalk_demo.unique_slv_doctors_doctor_id.4bc6b88ae3)
[0m10:06:18.813804 [debug] [Thread-2 (]: Began compiling node test.sdg_flashtalk_demo.unique_slv_doctors_doctor_id.4bc6b88ae3
[0m10:06:18.819811 [debug] [Thread-2 (]: Writing injected SQL for node "test.sdg_flashtalk_demo.unique_slv_doctors_doctor_id.4bc6b88ae3"
[0m10:06:18.820554 [debug] [Thread-2 (]: Began executing node test.sdg_flashtalk_demo.unique_slv_doctors_doctor_id.4bc6b88ae3
[0m10:06:18.824694 [debug] [Thread-2 (]: Writing runtime sql for node "test.sdg_flashtalk_demo.unique_slv_doctors_doctor_id.4bc6b88ae3"
[0m10:06:18.825879 [debug] [Thread-2 (]: Using snowflake connection "test.sdg_flashtalk_demo.unique_slv_doctors_doctor_id.4bc6b88ae3"
[0m10:06:18.826572 [debug] [Thread-2 (]: On test.sdg_flashtalk_demo.unique_slv_doctors_doctor_id.4bc6b88ae3: /* {"app": "dbt", "dbt_version": "1.9.4", "profile_name": "sdg_flashtalk_demo", "target_name": "dev", "node_id": "test.sdg_flashtalk_demo.unique_slv_doctors_doctor_id.4bc6b88ae3"} */
select
      count(*) as failures,
      count(*) != 0 as should_warn,
      count(*) != 0 as should_error
    from (
      
    
    

select
    doctor_id as unique_field,
    count(*) as n_records

from SDG_FLASHTALK_SLV.DOCTORS.slv_doctors
where doctor_id is not null
group by doctor_id
having count(*) > 1



      
    ) dbt_internal_test
[0m10:06:18.827104 [debug] [Thread-2 (]: Opening a new connection, currently in state init
[0m10:06:18.999425 [debug] [Thread-4 (]: SQL status: SUCCESS 1 in 0.789 seconds
[0m10:06:19.001949 [info ] [Thread-4 (]: 32 of 42 PASS not_null_slv_doctors_doctor_id ................................... [[32mPASS[0m in 0.82s]
[0m10:06:19.002915 [debug] [Thread-4 (]: Finished running node test.sdg_flashtalk_demo.not_null_slv_doctors_doctor_id.e199340645
[0m10:06:19.006231 [debug] [Thread-3 (]: SQL status: SUCCESS 1 in 0.781 seconds
[0m10:06:19.008724 [info ] [Thread-3 (]: 33 of 42 PASS not_null_slv_doctors_doctor_name ................................. [[32mPASS[0m in 0.81s]
[0m10:06:19.009586 [debug] [Thread-3 (]: Finished running node test.sdg_flashtalk_demo.not_null_slv_doctors_doctor_name.1e5fc2d09d
[0m10:06:19.091997 [debug] [Thread-5 (]: SQL status: SUCCESS 1 in 0.793 seconds
[0m10:06:19.094364 [info ] [Thread-5 (]: 34 of 42 PASS relationships_slv_appointments_doctor_id__doctor_id__ref_slv_doctors_  [[32mPASS[0m in 0.82s]
[0m10:06:19.095290 [debug] [Thread-5 (]: Finished running node test.sdg_flashtalk_demo.relationships_slv_appointments_doctor_id__doctor_id__ref_slv_doctors_.39dcd681c1
[0m10:06:19.506841 [debug] [Thread-2 (]: SQL status: SUCCESS 1 in 0.679 seconds
[0m10:06:19.509164 [info ] [Thread-2 (]: 35 of 42 PASS unique_slv_doctors_doctor_id ..................................... [[32mPASS[0m in 0.70s]
[0m10:06:19.509953 [debug] [Thread-2 (]: Finished running node test.sdg_flashtalk_demo.unique_slv_doctors_doctor_id.4bc6b88ae3
[0m10:06:19.511350 [debug] [Thread-4 (]: Began running node model.sdg_flashtalk_demo.gld_doctor_metrics
[0m10:06:19.512262 [info ] [Thread-4 (]: 36 of 42 START sql table model SDG_FLASHTALK_GLD.ANALYTICS.gld_doctor_metrics .. [RUN]
[0m10:06:19.512967 [debug] [Thread-4 (]: Re-using an available connection from the pool (formerly test.sdg_flashtalk_demo.not_null_slv_doctors_doctor_id.e199340645, now model.sdg_flashtalk_demo.gld_doctor_metrics)
[0m10:06:19.513517 [debug] [Thread-4 (]: Began compiling node model.sdg_flashtalk_demo.gld_doctor_metrics
[0m10:06:19.518836 [debug] [Thread-4 (]: Writing injected SQL for node "model.sdg_flashtalk_demo.gld_doctor_metrics"
[0m10:06:19.519655 [debug] [Thread-4 (]: Began executing node model.sdg_flashtalk_demo.gld_doctor_metrics
[0m10:06:19.525422 [debug] [Thread-4 (]: Writing runtime sql for node "model.sdg_flashtalk_demo.gld_doctor_metrics"
[0m10:06:19.527637 [debug] [Thread-4 (]: Using snowflake connection "model.sdg_flashtalk_demo.gld_doctor_metrics"
[0m10:06:19.528322 [debug] [Thread-4 (]: On model.sdg_flashtalk_demo.gld_doctor_metrics: /* {"app": "dbt", "dbt_version": "1.9.4", "profile_name": "sdg_flashtalk_demo", "target_name": "dev", "node_id": "model.sdg_flashtalk_demo.gld_doctor_metrics"} */
create or replace transient table SDG_FLASHTALK_GLD.ANALYTICS.gld_doctor_metrics
         as
        (-- GOLD | Analytics — one row per provider. Consumption-ready aggregate that
-- backs the semantic view and the Cortex agent.

WITH appointments AS (
    SELECT * FROM SDG_FLASHTALK_SLV.APPOINTMENTS.slv_appointments
),

doctors AS (
    SELECT * FROM SDG_FLASHTALK_SLV.DOCTORS.slv_doctors
)

SELECT
    a.doctor_id,
    d.doctor_name,
    d.specialty,
    d.department,
    COUNT(*)                                                            AS total_appointments,
    SUM(CASE WHEN a.status = 'completed' THEN 1 ELSE 0 END)             AS completed,
    SUM(CASE WHEN a.status = 'cancelled' THEN 1 ELSE 0 END)             AS cancelled,
    SUM(CASE WHEN a.status = 'scheduled' THEN 1 ELSE 0 END)             AS scheduled,
    ROUND(SUM(CASE WHEN a.status = 'completed' THEN 1 ELSE 0 END)
          / NULLIF(COUNT(*), 0) * 100, 1)                               AS completion_rate_pct,
    ROUND(SUM(CASE WHEN a.status = 'cancelled' THEN 1 ELSE 0 END)
          / NULLIF(COUNT(*), 0) * 100, 1)                               AS cancellation_rate_pct,
    COUNT(DISTINCT a.appointment_date)                                   AS active_days,
    ROUND(COUNT(*) / NULLIF(COUNT(DISTINCT a.appointment_date), 0), 1)   AS avg_appointments_per_day
FROM appointments a
JOIN doctors d ON a.doctor_id = d.doctor_id
GROUP BY a.doctor_id, d.doctor_name, d.specialty, d.department
        );
[0m10:06:19.528914 [debug] [Thread-4 (]: Opening a new connection, currently in state init
[0m10:06:20.927647 [debug] [Thread-4 (]: SQL status: SUCCESS 1 in 1.398 seconds
[0m10:06:20.930378 [info ] [Thread-4 (]: 36 of 42 OK created sql table model SDG_FLASHTALK_GLD.ANALYTICS.gld_doctor_metrics  [[32mSUCCESS 1[0m in 1.42s]
[0m10:06:20.931212 [debug] [Thread-4 (]: Finished running node model.sdg_flashtalk_demo.gld_doctor_metrics
[0m10:06:20.932756 [debug] [Thread-5 (]: Began running node test.sdg_flashtalk_demo.not_null_gld_doctor_metrics_completion_rate_pct.a7c940652f
[0m10:06:20.933383 [debug] [Thread-2 (]: Began running node test.sdg_flashtalk_demo.not_null_gld_doctor_metrics_doctor_id.74244842e6
[0m10:06:20.934016 [debug] [Thread-3 (]: Began running node test.sdg_flashtalk_demo.not_null_gld_doctor_metrics_doctor_name.71fbf5303f
[0m10:06:20.934658 [debug] [Thread-4 (]: Began running node test.sdg_flashtalk_demo.not_null_gld_doctor_metrics_total_appointments.149fc5af7d
[0m10:06:20.935227 [info ] [Thread-5 (]: 37 of 42 START test not_null_gld_doctor_metrics_completion_rate_pct ............ [RUN]
[0m10:06:20.935883 [info ] [Thread-2 (]: 38 of 42 START test not_null_gld_doctor_metrics_doctor_id ...................... [RUN]
[0m10:06:20.936496 [info ] [Thread-3 (]: 39 of 42 START test not_null_gld_doctor_metrics_doctor_name .................... [RUN]
[0m10:06:20.937081 [info ] [Thread-4 (]: 40 of 42 START test not_null_gld_doctor_metrics_total_appointments ............. [RUN]
[0m10:06:20.937823 [debug] [Thread-5 (]: Re-using an available connection from the pool (formerly test.sdg_flashtalk_demo.relationships_slv_appointments_doctor_id__doctor_id__ref_slv_doctors_.39dcd681c1, now test.sdg_flashtalk_demo.not_null_gld_doctor_metrics_completion_rate_pct.a7c940652f)
[0m10:06:20.938502 [debug] [Thread-2 (]: Re-using an available connection from the pool (formerly test.sdg_flashtalk_demo.unique_slv_doctors_doctor_id.4bc6b88ae3, now test.sdg_flashtalk_demo.not_null_gld_doctor_metrics_doctor_id.74244842e6)
[0m10:06:20.939147 [debug] [Thread-3 (]: Re-using an available connection from the pool (formerly test.sdg_flashtalk_demo.not_null_slv_doctors_doctor_name.1e5fc2d09d, now test.sdg_flashtalk_demo.not_null_gld_doctor_metrics_doctor_name.71fbf5303f)
[0m10:06:20.939764 [debug] [Thread-4 (]: Re-using an available connection from the pool (formerly model.sdg_flashtalk_demo.gld_doctor_metrics, now test.sdg_flashtalk_demo.not_null_gld_doctor_metrics_total_appointments.149fc5af7d)
[0m10:06:20.940340 [debug] [Thread-5 (]: Began compiling node test.sdg_flashtalk_demo.not_null_gld_doctor_metrics_completion_rate_pct.a7c940652f
[0m10:06:20.940937 [debug] [Thread-2 (]: Began compiling node test.sdg_flashtalk_demo.not_null_gld_doctor_metrics_doctor_id.74244842e6
[0m10:06:20.941465 [debug] [Thread-3 (]: Began compiling node test.sdg_flashtalk_demo.not_null_gld_doctor_metrics_doctor_name.71fbf5303f
[0m10:06:20.941972 [debug] [Thread-4 (]: Began compiling node test.sdg_flashtalk_demo.not_null_gld_doctor_metrics_total_appointments.149fc5af7d
[0m10:06:20.947836 [debug] [Thread-5 (]: Writing injected SQL for node "test.sdg_flashtalk_demo.not_null_gld_doctor_metrics_completion_rate_pct.a7c940652f"
[0m10:06:20.953777 [debug] [Thread-2 (]: Writing injected SQL for node "test.sdg_flashtalk_demo.not_null_gld_doctor_metrics_doctor_id.74244842e6"
[0m10:06:20.959388 [debug] [Thread-3 (]: Writing injected SQL for node "test.sdg_flashtalk_demo.not_null_gld_doctor_metrics_doctor_name.71fbf5303f"
[0m10:06:20.966123 [debug] [Thread-4 (]: Writing injected SQL for node "test.sdg_flashtalk_demo.not_null_gld_doctor_metrics_total_appointments.149fc5af7d"
[0m10:06:20.967489 [debug] [Thread-5 (]: Began executing node test.sdg_flashtalk_demo.not_null_gld_doctor_metrics_completion_rate_pct.a7c940652f
[0m10:06:20.968372 [debug] [Thread-2 (]: Began executing node test.sdg_flashtalk_demo.not_null_gld_doctor_metrics_doctor_id.74244842e6
[0m10:06:20.969229 [debug] [Thread-3 (]: Began executing node test.sdg_flashtalk_demo.not_null_gld_doctor_metrics_doctor_name.71fbf5303f
[0m10:06:20.974794 [debug] [Thread-5 (]: Writing runtime sql for node "test.sdg_flashtalk_demo.not_null_gld_doctor_metrics_completion_rate_pct.a7c940652f"
[0m10:06:20.975363 [debug] [Thread-4 (]: Began executing node test.sdg_flashtalk_demo.not_null_gld_doctor_metrics_total_appointments.149fc5af7d
[0m10:06:20.979469 [debug] [Thread-2 (]: Writing runtime sql for node "test.sdg_flashtalk_demo.not_null_gld_doctor_metrics_doctor_id.74244842e6"
[0m10:06:20.983231 [debug] [Thread-3 (]: Writing runtime sql for node "test.sdg_flashtalk_demo.not_null_gld_doctor_metrics_doctor_name.71fbf5303f"
[0m10:06:20.987386 [debug] [Thread-4 (]: Writing runtime sql for node "test.sdg_flashtalk_demo.not_null_gld_doctor_metrics_total_appointments.149fc5af7d"
[0m10:06:20.988738 [debug] [Thread-5 (]: Using snowflake connection "test.sdg_flashtalk_demo.not_null_gld_doctor_metrics_completion_rate_pct.a7c940652f"
[0m10:06:20.990126 [debug] [Thread-2 (]: Using snowflake connection "test.sdg_flashtalk_demo.not_null_gld_doctor_metrics_doctor_id.74244842e6"
[0m10:06:20.991541 [debug] [Thread-3 (]: Using snowflake connection "test.sdg_flashtalk_demo.not_null_gld_doctor_metrics_doctor_name.71fbf5303f"
[0m10:06:20.992269 [debug] [Thread-5 (]: On test.sdg_flashtalk_demo.not_null_gld_doctor_metrics_completion_rate_pct.a7c940652f: /* {"app": "dbt", "dbt_version": "1.9.4", "profile_name": "sdg_flashtalk_demo", "target_name": "dev", "node_id": "test.sdg_flashtalk_demo.not_null_gld_doctor_metrics_completion_rate_pct.a7c940652f"} */
select
      count(*) as failures,
      count(*) != 0 as should_warn,
      count(*) != 0 as should_error
    from (
      
    
    



select completion_rate_pct
from SDG_FLASHTALK_GLD.ANALYTICS.gld_doctor_metrics
where completion_rate_pct is null



      
    ) dbt_internal_test
[0m10:06:20.993258 [debug] [Thread-4 (]: Using snowflake connection "test.sdg_flashtalk_demo.not_null_gld_doctor_metrics_total_appointments.149fc5af7d"
[0m10:06:20.993842 [debug] [Thread-2 (]: On test.sdg_flashtalk_demo.not_null_gld_doctor_metrics_doctor_id.74244842e6: /* {"app": "dbt", "dbt_version": "1.9.4", "profile_name": "sdg_flashtalk_demo", "target_name": "dev", "node_id": "test.sdg_flashtalk_demo.not_null_gld_doctor_metrics_doctor_id.74244842e6"} */
select
      count(*) as failures,
      count(*) != 0 as should_warn,
      count(*) != 0 as should_error
    from (
      
    
    



select doctor_id
from SDG_FLASHTALK_GLD.ANALYTICS.gld_doctor_metrics
where doctor_id is null



      
    ) dbt_internal_test
[0m10:06:20.994451 [debug] [Thread-3 (]: On test.sdg_flashtalk_demo.not_null_gld_doctor_metrics_doctor_name.71fbf5303f: /* {"app": "dbt", "dbt_version": "1.9.4", "profile_name": "sdg_flashtalk_demo", "target_name": "dev", "node_id": "test.sdg_flashtalk_demo.not_null_gld_doctor_metrics_doctor_name.71fbf5303f"} */
select
      count(*) as failures,
      count(*) != 0 as should_warn,
      count(*) != 0 as should_error
    from (
      
    
    



select doctor_name
from SDG_FLASHTALK_GLD.ANALYTICS.gld_doctor_metrics
where doctor_name is null



      
    ) dbt_internal_test
[0m10:06:20.995067 [debug] [Thread-5 (]: Opening a new connection, currently in state init
[0m10:06:20.995664 [debug] [Thread-4 (]: On test.sdg_flashtalk_demo.not_null_gld_doctor_metrics_total_appointments.149fc5af7d: /* {"app": "dbt", "dbt_version": "1.9.4", "profile_name": "sdg_flashtalk_demo", "target_name": "dev", "node_id": "test.sdg_flashtalk_demo.not_null_gld_doctor_metrics_total_appointments.149fc5af7d"} */
select
      count(*) as failures,
      count(*) != 0 as should_warn,
      count(*) != 0 as should_error
    from (
      
    
    



select total_appointments
from SDG_FLASHTALK_GLD.ANALYTICS.gld_doctor_metrics
where total_appointments is null



      
    ) dbt_internal_test
[0m10:06:20.996210 [debug] [Thread-2 (]: Opening a new connection, currently in state init
[0m10:06:20.996707 [debug] [Thread-3 (]: Opening a new connection, currently in state init
[0m10:06:20.997424 [debug] [Thread-4 (]: Opening a new connection, currently in state init
[0m10:06:21.611994 [debug] [Thread-2 (]: SQL status: SUCCESS 1 in 0.616 seconds
[0m10:06:21.612954 [debug] [Thread-5 (]: SQL status: SUCCESS 1 in 0.618 seconds
[0m10:06:21.613753 [debug] [Thread-4 (]: SQL status: SUCCESS 1 in 0.616 seconds
[0m10:06:21.614524 [debug] [Thread-3 (]: SQL status: SUCCESS 1 in 0.618 seconds
[0m10:06:21.616839 [info ] [Thread-2 (]: 38 of 42 PASS not_null_gld_doctor_metrics_doctor_id ............................ [[32mPASS[0m in 0.68s]
[0m10:06:21.619335 [info ] [Thread-5 (]: 37 of 42 PASS not_null_gld_doctor_metrics_completion_rate_pct .................. [[32mPASS[0m in 0.68s]
[0m10:06:21.621491 [info ] [Thread-4 (]: 40 of 42 PASS not_null_gld_doctor_metrics_total_appointments ................... [[32mPASS[0m in 0.68s]
[0m10:06:21.623618 [info ] [Thread-3 (]: 39 of 42 PASS not_null_gld_doctor_metrics_doctor_name .......................... [[32mPASS[0m in 0.68s]
[0m10:06:21.624433 [debug] [Thread-2 (]: Finished running node test.sdg_flashtalk_demo.not_null_gld_doctor_metrics_doctor_id.74244842e6
[0m10:06:21.625156 [debug] [Thread-5 (]: Finished running node test.sdg_flashtalk_demo.not_null_gld_doctor_metrics_completion_rate_pct.a7c940652f
[0m10:06:21.625823 [debug] [Thread-4 (]: Finished running node test.sdg_flashtalk_demo.not_null_gld_doctor_metrics_total_appointments.149fc5af7d
[0m10:06:21.626543 [debug] [Thread-3 (]: Finished running node test.sdg_flashtalk_demo.not_null_gld_doctor_metrics_doctor_name.71fbf5303f
[0m10:06:21.627199 [debug] [Thread-2 (]: Began running node test.sdg_flashtalk_demo.unique_gld_doctor_metrics_doctor_id.2c35446264
[0m10:06:21.627908 [debug] [Thread-5 (]: Began running node test.sdg_flashtalk_demo.unique_gld_doctor_metrics_doctor_name.df49515ccb
[0m10:06:21.629005 [info ] [Thread-2 (]: 41 of 42 START test unique_gld_doctor_metrics_doctor_id ........................ [RUN]
[0m10:06:21.629680 [info ] [Thread-5 (]: 42 of 42 START test unique_gld_doctor_metrics_doctor_name ...................... [RUN]
[0m10:06:21.630408 [debug] [Thread-2 (]: Re-using an available connection from the pool (formerly test.sdg_flashtalk_demo.not_null_gld_doctor_metrics_doctor_id.74244842e6, now test.sdg_flashtalk_demo.unique_gld_doctor_metrics_doctor_id.2c35446264)
[0m10:06:21.631176 [debug] [Thread-5 (]: Re-using an available connection from the pool (formerly test.sdg_flashtalk_demo.not_null_gld_doctor_metrics_completion_rate_pct.a7c940652f, now test.sdg_flashtalk_demo.unique_gld_doctor_metrics_doctor_name.df49515ccb)
[0m10:06:21.631745 [debug] [Thread-2 (]: Began compiling node test.sdg_flashtalk_demo.unique_gld_doctor_metrics_doctor_id.2c35446264
[0m10:06:21.632300 [debug] [Thread-5 (]: Began compiling node test.sdg_flashtalk_demo.unique_gld_doctor_metrics_doctor_name.df49515ccb
[0m10:06:21.740582 [debug] [Thread-2 (]: Writing injected SQL for node "test.sdg_flashtalk_demo.unique_gld_doctor_metrics_doctor_id.2c35446264"
[0m10:06:21.746334 [debug] [Thread-5 (]: Writing injected SQL for node "test.sdg_flashtalk_demo.unique_gld_doctor_metrics_doctor_name.df49515ccb"
[0m10:06:21.747534 [debug] [Thread-2 (]: Began executing node test.sdg_flashtalk_demo.unique_gld_doctor_metrics_doctor_id.2c35446264
[0m10:06:21.748278 [debug] [Thread-5 (]: Began executing node test.sdg_flashtalk_demo.unique_gld_doctor_metrics_doctor_name.df49515ccb
[0m10:06:21.752177 [debug] [Thread-2 (]: Writing runtime sql for node "test.sdg_flashtalk_demo.unique_gld_doctor_metrics_doctor_id.2c35446264"
[0m10:06:21.756116 [debug] [Thread-5 (]: Writing runtime sql for node "test.sdg_flashtalk_demo.unique_gld_doctor_metrics_doctor_name.df49515ccb"
[0m10:06:21.757732 [debug] [Thread-2 (]: Using snowflake connection "test.sdg_flashtalk_demo.unique_gld_doctor_metrics_doctor_id.2c35446264"
[0m10:06:21.758551 [debug] [Thread-2 (]: On test.sdg_flashtalk_demo.unique_gld_doctor_metrics_doctor_id.2c35446264: /* {"app": "dbt", "dbt_version": "1.9.4", "profile_name": "sdg_flashtalk_demo", "target_name": "dev", "node_id": "test.sdg_flashtalk_demo.unique_gld_doctor_metrics_doctor_id.2c35446264"} */
select
      count(*) as failures,
      count(*) != 0 as should_warn,
      count(*) != 0 as should_error
    from (
      
    
    

select
    doctor_id as unique_field,
    count(*) as n_records

from SDG_FLASHTALK_GLD.ANALYTICS.gld_doctor_metrics
where doctor_id is not null
group by doctor_id
having count(*) > 1



      
    ) dbt_internal_test
[0m10:06:21.759709 [debug] [Thread-5 (]: Using snowflake connection "test.sdg_flashtalk_demo.unique_gld_doctor_metrics_doctor_name.df49515ccb"
[0m10:06:21.760264 [debug] [Thread-2 (]: Opening a new connection, currently in state init
[0m10:06:21.760835 [debug] [Thread-5 (]: On test.sdg_flashtalk_demo.unique_gld_doctor_metrics_doctor_name.df49515ccb: /* {"app": "dbt", "dbt_version": "1.9.4", "profile_name": "sdg_flashtalk_demo", "target_name": "dev", "node_id": "test.sdg_flashtalk_demo.unique_gld_doctor_metrics_doctor_name.df49515ccb"} */
select
      count(*) as failures,
      count(*) != 0 as should_warn,
      count(*) != 0 as should_error
    from (
      
    
    

select
    doctor_name as unique_field,
    count(*) as n_records

from SDG_FLASHTALK_GLD.ANALYTICS.gld_doctor_metrics
where doctor_name is not null
group by doctor_name
having count(*) > 1



      
    ) dbt_internal_test
[0m10:06:21.761571 [debug] [Thread-5 (]: Opening a new connection, currently in state init
[0m10:06:22.295033 [debug] [Thread-5 (]: SQL status: SUCCESS 1 in 0.533 seconds
[0m10:06:22.297385 [info ] [Thread-5 (]: 42 of 42 PASS unique_gld_doctor_metrics_doctor_name ............................ [[32mPASS[0m in 0.67s]
[0m10:06:22.298184 [debug] [Thread-5 (]: Finished running node test.sdg_flashtalk_demo.unique_gld_doctor_metrics_doctor_name.df49515ccb
[0m10:06:22.299717 [debug] [Thread-2 (]: SQL status: SUCCESS 1 in 0.539 seconds
[0m10:06:22.301858 [info ] [Thread-2 (]: 41 of 42 PASS unique_gld_doctor_metrics_doctor_id .............................. [[32mPASS[0m in 0.67s]
[0m10:06:22.302756 [debug] [Thread-2 (]: Finished running node test.sdg_flashtalk_demo.unique_gld_doctor_metrics_doctor_id.2c35446264
[0m10:06:22.305847 [debug] [Dummy-1   ]: Connection 'master' was properly closed.
[0m10:06:22.306824 [debug] [Dummy-1   ]: Connection 'test.sdg_flashtalk_demo.not_null_gld_doctor_metrics_doctor_name.71fbf5303f' was properly closed.
[0m10:06:22.307641 [debug] [Dummy-1   ]: Connection 'list_SDG_FLASHTALK_BRZ' was properly closed.
[0m10:06:22.308126 [debug] [Dummy-1   ]: Connection 'test.sdg_flashtalk_demo.unique_gld_doctor_metrics_doctor_name.df49515ccb' was properly closed.
[0m10:06:22.308588 [debug] [Dummy-1   ]: Connection 'test.sdg_flashtalk_demo.not_null_gld_doctor_metrics_total_appointments.149fc5af7d' was properly closed.
[0m10:06:22.309026 [debug] [Dummy-1   ]: Connection 'test.sdg_flashtalk_demo.unique_gld_doctor_metrics_doctor_id.2c35446264' was properly closed.
[0m10:06:22.309643 [info ] [Dummy-1   ]: 
[0m10:06:22.310153 [info ] [Dummy-1   ]: Finished running 7 table models, 35 data tests in 0 hours 0 minutes and 17.19 seconds (17.19s).
[0m10:06:22.315531 [debug] [Dummy-1   ]: Command end result
[0m10:06:22.347002 [debug] [Dummy-1   ]: Wrote artifact WritableManifest to /tmp/dbt/target/manifest.json
[0m10:06:22.349156 [debug] [Dummy-1   ]: Wrote artifact SemanticManifest to /tmp/dbt/target/semantic_manifest.json
[0m10:06:22.357305 [debug] [Dummy-1   ]: Wrote artifact RunExecutionResult to /tmp/dbt/target/run_results.json
[0m10:06:22.357926 [info ] [Dummy-1   ]: 
[0m10:06:22.358626 [info ] [Dummy-1   ]: [32mCompleted successfully[0m
[0m10:06:22.359256 [info ] [Dummy-1   ]: 
[0m10:06:22.359788 [info ] [Dummy-1   ]: Done. PASS=42 WARN=0 ERROR=0 SKIP=0 TOTAL=42
[0m10:06:22.361674 [debug] [Dummy-1   ]: Resource report: {"command_name": "build", "command_success": true, "command_wall_clock_time": 18.695097, "process_in_blocks": "0", "process_kernel_time": 1.08, "process_mem_max_rss": "472192", "process_out_blocks": "0", "process_user_time": 6.13}
[0m10:06:22.362343 [debug] [Dummy-1   ]: Command `cli build` succeeded at 10:06:22.362075 after 18.70 seconds
[0m10:06:22.362988 [debug] [Dummy-1   ]: Flushing usage events


============================== 11:12:13.412016 | 7c01d2eb-b7bb-4d3f-a4da-4976a3284bef ==============================
[0m11:12:13.412016 [info ] [Dummy-1   ]: Running with dbt=1.9.4
[0m11:12:13.412822 [debug] [Dummy-1   ]: running dbt with arguments {'printer_width': '80', 'indirect_selection': 'eager', 'log_cache_events': 'False', 'write_json': 'True', 'partial_parse': 'True', 'cache_selected_only': 'False', 'profiles_dir': '/tmp/dbt/', 'version_check': 'True', 'fail_fast': 'False', 'log_path': '/tmp/dbt/logs', 'debug': 'False', 'warn_error': 'None', 'use_colors': 'True', 'use_experimental_parser': 'False', 'no_print': 'None', 'quiet': 'False', 'empty': 'False', 'warn_error_options': 'WarnErrorOptions(include=[], exclude=[])', 'introspect': 'True', 'log_format': 'default', 'static_parser': 'True', 'target_path': 'None', 'invocation_command': 'dbt ', 'send_anonymous_usage_stats': 'False'}
[0m11:12:13.686090 [info ] [Dummy-1   ]: Registered adapter: snowflake=1.9.2
[0m11:12:14.286136 [debug] [Dummy-1   ]: checksum: 53ed91fada2233efb98368d1716b44ab532c83a9c293cf1890b7905d5b45fb25, vars: {}, profile: , target: dev, version: 1.9.4
[0m11:12:14.570703 [info ] [Dummy-1   ]: Unable to do partial parsing because a project config has changed
[0m11:12:15.922719 [warn ] [Dummy-1   ]: [[33mWARNING[0m]: Did not find matching node for patch with name 'raw_appointments' in the 'seeds' section of file 'seeds/seeds.yml'
[0m11:12:15.923730 [warn ] [Dummy-1   ]: [[33mWARNING[0m]: Did not find matching node for patch with name 'raw_doctors' in the 'seeds' section of file 'seeds/seeds.yml'
[0m11:12:15.960898 [warn ] [Dummy-1   ]: [[33mWARNING[0m]: Test 'test.sdg_flashtalk_demo.not_null_raw_appointments_patient_id.c40198de74' (seeds/seeds.yml) depends on a node named 'raw_appointments' in package '' which was not found
[0m11:12:15.961626 [warn ] [Dummy-1   ]: [[33mWARNING[0m]: Test 'test.sdg_flashtalk_demo.unique_raw_appointments_patient_id.8b359206cf' (seeds/seeds.yml) depends on a node named 'raw_appointments' in package '' which was not found
[0m11:12:15.962323 [warn ] [Dummy-1   ]: [[33mWARNING[0m]: Test 'test.sdg_flashtalk_demo.not_null_raw_appointments_doctor_id.6bee5e617f' (seeds/seeds.yml) depends on a node named 'raw_appointments' in package '' which was not found
[0m11:12:15.962882 [warn ] [Dummy-1   ]: [[33mWARNING[0m]: Test 'test.sdg_flashtalk_demo.not_null_raw_doctors_doctor_id.a9f1de9342' (seeds/seeds.yml) depends on a node named 'raw_doctors' in package '' which was not found
[0m11:12:15.963415 [warn ] [Dummy-1   ]: [[33mWARNING[0m]: Test 'test.sdg_flashtalk_demo.unique_raw_doctors_doctor_id.83b0c15ad3' (seeds/seeds.yml) depends on a node named 'raw_doctors' in package '' which was not found
[0m11:12:16.248351 [debug] [Dummy-1   ]: Wrote artifact WritableManifest to /tmp/dbt/target/manifest.json
[0m11:12:16.250261 [debug] [Dummy-1   ]: Wrote artifact SemanticManifest to /tmp/dbt/target/semantic_manifest.json
[0m11:12:16.309364 [info ] [Dummy-1   ]: Found 5 models, 33 data tests, 2 sources, 475 macros
[0m11:12:16.314408 [info ] [Dummy-1   ]: 
[0m11:12:16.314917 [info ] [Dummy-1   ]: Concurrency: 4 threads (target='dev')
[0m11:12:16.315327 [info ] [Dummy-1   ]: 
[0m11:12:16.315987 [debug] [Dummy-1   ]: Acquiring new snowflake connection 'master'
[0m11:12:16.321923 [debug] [ThreadPool]: Acquiring new snowflake connection 'list_SDG_FLASHTALK_GLD'
[0m11:12:16.323989 [debug] [ThreadPool]: Acquiring new snowflake connection 'list_SDG_FLASHTALK_SLV'
[0m11:12:16.325653 [debug] [ThreadPool]: Acquiring new snowflake connection 'list_SDG_FLASHTALK_SLV'
[0m11:12:16.332845 [debug] [ThreadPool]: Acquiring new snowflake connection 'list_SDG_FLASHTALK_SLV'
[0m11:12:16.420644 [debug] [ThreadPool]: Using snowflake connection "list_SDG_FLASHTALK_GLD"
[0m11:12:16.421331 [debug] [ThreadPool]: Using snowflake connection "list_SDG_FLASHTALK_SLV"
[0m11:12:16.422044 [debug] [ThreadPool]: Using snowflake connection "list_SDG_FLASHTALK_SLV"
[0m11:12:16.422673 [debug] [ThreadPool]: Using snowflake connection "list_SDG_FLASHTALK_SLV"
[0m11:12:16.423148 [debug] [ThreadPool]: On list_SDG_FLASHTALK_GLD: /* {"app": "dbt", "dbt_version": "1.9.4", "profile_name": "sdg_flashtalk_demo", "target_name": "dev", "connection_name": "list_SDG_FLASHTALK_GLD"} */
show terse schemas in database SDG_FLASHTALK_GLD
    limit 10000
[0m11:12:16.423622 [debug] [ThreadPool]: On list_SDG_FLASHTALK_SLV: /* {"app": "dbt", "dbt_version": "1.9.4", "profile_name": "sdg_flashtalk_demo", "target_name": "dev", "connection_name": "list_SDG_FLASHTALK_SLV"} */
show terse schemas in database SDG_FLASHTALK_SLV
    limit 10000
[0m11:12:16.424061 [debug] [ThreadPool]: On list_SDG_FLASHTALK_SLV: /* {"app": "dbt", "dbt_version": "1.9.4", "profile_name": "sdg_flashtalk_demo", "target_name": "dev", "connection_name": "list_SDG_FLASHTALK_SLV"} */
show terse schemas in database SDG_FLASHTALK_SLV
    limit 10000
[0m11:12:16.424542 [debug] [ThreadPool]: On list_SDG_FLASHTALK_SLV: /* {"app": "dbt", "dbt_version": "1.9.4", "profile_name": "sdg_flashtalk_demo", "target_name": "dev", "connection_name": "list_SDG_FLASHTALK_SLV"} */
show terse schemas in database SDG_FLASHTALK_SLV
    limit 10000
[0m11:12:16.424989 [debug] [ThreadPool]: Opening a new connection, currently in state init
[0m11:12:16.425412 [debug] [ThreadPool]: Opening a new connection, currently in state init
[0m11:12:16.425834 [debug] [ThreadPool]: Opening a new connection, currently in state init
[0m11:12:16.426335 [debug] [ThreadPool]: Opening a new connection, currently in state init
[0m11:12:17.620671 [debug] [ThreadPool]: SQL status: SUCCESS 5 in 1.195 seconds
[0m11:12:17.621552 [debug] [ThreadPool]: SQL status: SUCCESS 5 in 1.196 seconds
[0m11:12:17.645674 [debug] [ThreadPool]: SQL status: SUCCESS 5 in 1.219 seconds
[0m11:12:17.723676 [debug] [ThreadPool]: SQL status: SUCCESS 3 in 1.299 seconds
[0m11:12:17.728192 [debug] [ThreadPool]: Re-using an available connection from the pool (formerly list_SDG_FLASHTALK_SLV, now list_SDG_FLASHTALK_GLD_ANALYTICS)
[0m11:12:17.729750 [debug] [ThreadPool]: Re-using an available connection from the pool (formerly list_SDG_FLASHTALK_GLD, now list_SDG_FLASHTALK_SLV_APPOINTMENTS)
[0m11:12:17.731314 [debug] [ThreadPool]: Re-using an available connection from the pool (formerly list_SDG_FLASHTALK_SLV, now list_SDG_FLASHTALK_SLV_DOCTORS)
[0m11:12:17.738529 [debug] [ThreadPool]: Re-using an available connection from the pool (formerly list_SDG_FLASHTALK_SLV, now list_SDG_FLASHTALK_SLV_BASE)
[0m11:12:17.745877 [debug] [ThreadPool]: Using snowflake connection "list_SDG_FLASHTALK_GLD_ANALYTICS"
[0m11:12:17.749719 [debug] [ThreadPool]: Using snowflake connection "list_SDG_FLASHTALK_SLV_APPOINTMENTS"
[0m11:12:17.753583 [debug] [ThreadPool]: Using snowflake connection "list_SDG_FLASHTALK_SLV_DOCTORS"
[0m11:12:17.758803 [debug] [ThreadPool]: Using snowflake connection "list_SDG_FLASHTALK_SLV_BASE"
[0m11:12:17.759378 [debug] [ThreadPool]: On list_SDG_FLASHTALK_GLD_ANALYTICS: /* {"app": "dbt", "dbt_version": "1.9.4", "profile_name": "sdg_flashtalk_demo", "target_name": "dev", "connection_name": "list_SDG_FLASHTALK_GLD_ANALYTICS"} */
alter session set quoted_identifiers_ignore_case = false;
[0m11:12:17.759863 [debug] [ThreadPool]: On list_SDG_FLASHTALK_SLV_APPOINTMENTS: /* {"app": "dbt", "dbt_version": "1.9.4", "profile_name": "sdg_flashtalk_demo", "target_name": "dev", "connection_name": "list_SDG_FLASHTALK_SLV_APPOINTMENTS"} */
alter session set quoted_identifiers_ignore_case = false;
[0m11:12:17.760338 [debug] [ThreadPool]: On list_SDG_FLASHTALK_SLV_DOCTORS: /* {"app": "dbt", "dbt_version": "1.9.4", "profile_name": "sdg_flashtalk_demo", "target_name": "dev", "connection_name": "list_SDG_FLASHTALK_SLV_DOCTORS"} */
alter session set quoted_identifiers_ignore_case = false;
[0m11:12:17.760810 [debug] [ThreadPool]: On list_SDG_FLASHTALK_SLV_BASE: /* {"app": "dbt", "dbt_version": "1.9.4", "profile_name": "sdg_flashtalk_demo", "target_name": "dev", "connection_name": "list_SDG_FLASHTALK_SLV_BASE"} */
alter session set quoted_identifiers_ignore_case = false;
[0m11:12:17.761236 [debug] [ThreadPool]: Opening a new connection, currently in state init
[0m11:12:17.761647 [debug] [ThreadPool]: Opening a new connection, currently in state init
[0m11:12:17.762118 [debug] [ThreadPool]: Opening a new connection, currently in state init
[0m11:12:17.762636 [debug] [ThreadPool]: Opening a new connection, currently in state init
[0m11:12:18.220853 [debug] [ThreadPool]: SQL status: SUCCESS 1 in 0.458 seconds
[0m11:12:18.225220 [debug] [ThreadPool]: Using snowflake connection "list_SDG_FLASHTALK_SLV_BASE"
[0m11:12:18.225700 [debug] [ThreadPool]: On list_SDG_FLASHTALK_SLV_BASE: /* {"app": "dbt", "dbt_version": "1.9.4", "profile_name": "sdg_flashtalk_demo", "target_name": "dev", "connection_name": "list_SDG_FLASHTALK_SLV_BASE"} */
show objects in SDG_FLASHTALK_SLV.BASE
    limit 10000
    
;
[0m11:12:18.268960 [debug] [ThreadPool]: SQL status: SUCCESS 1 in 0.507 seconds
[0m11:12:18.270769 [debug] [ThreadPool]: Using snowflake connection "list_SDG_FLASHTALK_SLV_DOCTORS"
[0m11:12:18.271272 [debug] [ThreadPool]: On list_SDG_FLASHTALK_SLV_DOCTORS: /* {"app": "dbt", "dbt_version": "1.9.4", "profile_name": "sdg_flashtalk_demo", "target_name": "dev", "connection_name": "list_SDG_FLASHTALK_SLV_DOCTORS"} */
show objects in SDG_FLASHTALK_SLV.DOCTORS
    limit 10000
    
;
[0m11:12:18.278866 [debug] [ThreadPool]: SQL status: SUCCESS 1 in 0.518 seconds
[0m11:12:18.279487 [debug] [ThreadPool]: SQL status: SUCCESS 1 in 0.518 seconds
[0m11:12:18.281123 [debug] [ThreadPool]: Using snowflake connection "list_SDG_FLASHTALK_GLD_ANALYTICS"
[0m11:12:18.283038 [debug] [ThreadPool]: Using snowflake connection "list_SDG_FLASHTALK_SLV_APPOINTMENTS"
[0m11:12:18.283545 [debug] [ThreadPool]: On list_SDG_FLASHTALK_GLD_ANALYTICS: /* {"app": "dbt", "dbt_version": "1.9.4", "profile_name": "sdg_flashtalk_demo", "target_name": "dev", "connection_name": "list_SDG_FLASHTALK_GLD_ANALYTICS"} */
show objects in SDG_FLASHTALK_GLD.ANALYTICS
    limit 10000
    
;
[0m11:12:18.284046 [debug] [ThreadPool]: On list_SDG_FLASHTALK_SLV_APPOINTMENTS: /* {"app": "dbt", "dbt_version": "1.9.4", "profile_name": "sdg_flashtalk_demo", "target_name": "dev", "connection_name": "list_SDG_FLASHTALK_SLV_APPOINTMENTS"} */
show objects in SDG_FLASHTALK_SLV.APPOINTMENTS
    limit 10000
    
;
[0m11:12:18.305747 [debug] [ThreadPool]: SQL status: SUCCESS 2 in 0.079 seconds
[0m11:12:18.307549 [debug] [ThreadPool]: Using snowflake connection "list_SDG_FLASHTALK_SLV_BASE"
[0m11:12:18.308015 [debug] [ThreadPool]: On list_SDG_FLASHTALK_SLV_BASE: /* {"app": "dbt", "dbt_version": "1.9.4", "profile_name": "sdg_flashtalk_demo", "target_name": "dev", "connection_name": "list_SDG_FLASHTALK_SLV_BASE"} */
alter session unset quoted_identifiers_ignore_case;
[0m11:12:18.356556 [debug] [ThreadPool]: SQL status: SUCCESS 1 in 0.085 seconds
[0m11:12:18.358430 [debug] [ThreadPool]: Using snowflake connection "list_SDG_FLASHTALK_SLV_DOCTORS"
[0m11:12:18.358896 [debug] [ThreadPool]: On list_SDG_FLASHTALK_SLV_DOCTORS: /* {"app": "dbt", "dbt_version": "1.9.4", "profile_name": "sdg_flashtalk_demo", "target_name": "dev", "connection_name": "list_SDG_FLASHTALK_SLV_DOCTORS"} */
alter session unset quoted_identifiers_ignore_case;
[0m11:12:18.365876 [debug] [ThreadPool]: SQL status: SUCCESS 1 in 0.081 seconds
[0m11:12:18.367621 [debug] [ThreadPool]: Using snowflake connection "list_SDG_FLASHTALK_SLV_APPOINTMENTS"
[0m11:12:18.368090 [debug] [ThreadPool]: On list_SDG_FLASHTALK_SLV_APPOINTMENTS: /* {"app": "dbt", "dbt_version": "1.9.4", "profile_name": "sdg_flashtalk_demo", "target_name": "dev", "connection_name": "list_SDG_FLASHTALK_SLV_APPOINTMENTS"} */
alter session unset quoted_identifiers_ignore_case;
[0m11:12:18.376390 [debug] [ThreadPool]: SQL status: SUCCESS 1 in 0.092 seconds
[0m11:12:18.378081 [debug] [ThreadPool]: Using snowflake connection "list_SDG_FLASHTALK_GLD_ANALYTICS"
[0m11:12:18.378572 [debug] [ThreadPool]: On list_SDG_FLASHTALK_GLD_ANALYTICS: /* {"app": "dbt", "dbt_version": "1.9.4", "profile_name": "sdg_flashtalk_demo", "target_name": "dev", "connection_name": "list_SDG_FLASHTALK_GLD_ANALYTICS"} */
alter session unset quoted_identifiers_ignore_case;
[0m11:12:18.380955 [debug] [ThreadPool]: SQL status: SUCCESS 1 in 0.072 seconds
[0m11:12:18.437290 [debug] [ThreadPool]: SQL status: SUCCESS 1 in 0.069 seconds
[0m11:12:18.442839 [debug] [ThreadPool]: SQL status: SUCCESS 1 in 0.083 seconds
[0m11:12:18.448956 [debug] [ThreadPool]: SQL status: SUCCESS 1 in 0.070 seconds
[0m11:12:18.462006 [debug] [Thread-2 (]: Began running node test.sdg_flashtalk_demo.source_accepted_values_source_a_raw_appointments_status__completed__cancelled__scheduled.5a262173bb
[0m11:12:18.462634 [debug] [Thread-3 (]: Began running node test.sdg_flashtalk_demo.source_not_null_source_a_raw_appointments_doctor_id.f0d5c782b1
[0m11:12:18.463320 [debug] [Thread-4 (]: Began running node test.sdg_flashtalk_demo.source_not_null_source_a_raw_appointments_patient_id.a6ce2f55ac
[0m11:12:18.463893 [debug] [Thread-5 (]: Began running node test.sdg_flashtalk_demo.source_not_null_source_b_raw_doctors_doctor_id.793c8549ca
[0m11:12:18.464426 [info ] [Thread-2 (]: 1 of 38 START test source_accepted_values_source_a_raw_appointments_status__completed__cancelled__scheduled  [RUN]
[0m11:12:18.465037 [info ] [Thread-3 (]: 2 of 38 START test source_not_null_source_a_raw_appointments_doctor_id ......... [RUN]
[0m11:12:18.465586 [info ] [Thread-4 (]: 3 of 38 START test source_not_null_source_a_raw_appointments_patient_id ........ [RUN]
[0m11:12:18.466216 [info ] [Thread-5 (]: 4 of 38 START test source_not_null_source_b_raw_doctors_doctor_id .............. [RUN]
[0m11:12:18.466863 [debug] [Thread-2 (]: Re-using an available connection from the pool (formerly list_SDG_FLASHTALK_GLD_ANALYTICS, now test.sdg_flashtalk_demo.source_accepted_values_source_a_raw_appointments_status__completed__cancelled__scheduled.5a262173bb)
[0m11:12:18.467431 [debug] [Thread-3 (]: Re-using an available connection from the pool (formerly list_SDG_FLASHTALK_SLV_DOCTORS, now test.sdg_flashtalk_demo.source_not_null_source_a_raw_appointments_doctor_id.f0d5c782b1)
[0m11:12:18.468017 [debug] [Thread-4 (]: Re-using an available connection from the pool (formerly list_SDG_FLASHTALK_SLV_APPOINTMENTS, now test.sdg_flashtalk_demo.source_not_null_source_a_raw_appointments_patient_id.a6ce2f55ac)
[0m11:12:18.468574 [debug] [Thread-5 (]: Re-using an available connection from the pool (formerly list_SDG_FLASHTALK_SLV_BASE, now test.sdg_flashtalk_demo.source_not_null_source_b_raw_doctors_doctor_id.793c8549ca)
[0m11:12:18.469094 [debug] [Thread-2 (]: Began compiling node test.sdg_flashtalk_demo.source_accepted_values_source_a_raw_appointments_status__completed__cancelled__scheduled.5a262173bb
[0m11:12:18.469632 [debug] [Thread-3 (]: Began compiling node test.sdg_flashtalk_demo.source_not_null_source_a_raw_appointments_doctor_id.f0d5c782b1
[0m11:12:18.470237 [debug] [Thread-4 (]: Began compiling node test.sdg_flashtalk_demo.source_not_null_source_a_raw_appointments_patient_id.a6ce2f55ac
[0m11:12:18.470759 [debug] [Thread-5 (]: Began compiling node test.sdg_flashtalk_demo.source_not_null_source_b_raw_doctors_doctor_id.793c8549ca
[0m11:12:18.481130 [debug] [Thread-2 (]: Writing injected SQL for node "test.sdg_flashtalk_demo.source_accepted_values_source_a_raw_appointments_status__completed__cancelled__scheduled.5a262173bb"
[0m11:12:18.491160 [debug] [Thread-3 (]: Writing injected SQL for node "test.sdg_flashtalk_demo.source_not_null_source_a_raw_appointments_doctor_id.f0d5c782b1"
[0m11:12:18.497996 [debug] [Thread-4 (]: Writing injected SQL for node "test.sdg_flashtalk_demo.source_not_null_source_a_raw_appointments_patient_id.a6ce2f55ac"
[0m11:12:18.503297 [debug] [Thread-5 (]: Writing injected SQL for node "test.sdg_flashtalk_demo.source_not_null_source_b_raw_doctors_doctor_id.793c8549ca"
[0m11:12:18.504732 [debug] [Thread-2 (]: Began executing node test.sdg_flashtalk_demo.source_accepted_values_source_a_raw_appointments_status__completed__cancelled__scheduled.5a262173bb
[0m11:12:18.505388 [debug] [Thread-3 (]: Began executing node test.sdg_flashtalk_demo.source_not_null_source_a_raw_appointments_doctor_id.f0d5c782b1
[0m11:12:18.506281 [debug] [Thread-4 (]: Began executing node test.sdg_flashtalk_demo.source_not_null_source_a_raw_appointments_patient_id.a6ce2f55ac
[0m11:12:18.527110 [debug] [Thread-2 (]: Writing runtime sql for node "test.sdg_flashtalk_demo.source_accepted_values_source_a_raw_appointments_status__completed__cancelled__scheduled.5a262173bb"
[0m11:12:18.527809 [debug] [Thread-5 (]: Began executing node test.sdg_flashtalk_demo.source_not_null_source_b_raw_doctors_doctor_id.793c8549ca
[0m11:12:18.531323 [debug] [Thread-3 (]: Writing runtime sql for node "test.sdg_flashtalk_demo.source_not_null_source_a_raw_appointments_doctor_id.f0d5c782b1"
[0m11:12:18.534947 [debug] [Thread-4 (]: Writing runtime sql for node "test.sdg_flashtalk_demo.source_not_null_source_a_raw_appointments_patient_id.a6ce2f55ac"
[0m11:12:18.539581 [debug] [Thread-5 (]: Writing runtime sql for node "test.sdg_flashtalk_demo.source_not_null_source_b_raw_doctors_doctor_id.793c8549ca"
[0m11:12:18.540743 [debug] [Thread-2 (]: Using snowflake connection "test.sdg_flashtalk_demo.source_accepted_values_source_a_raw_appointments_status__completed__cancelled__scheduled.5a262173bb"
[0m11:12:18.542302 [debug] [Thread-3 (]: Using snowflake connection "test.sdg_flashtalk_demo.source_not_null_source_a_raw_appointments_doctor_id.f0d5c782b1"
[0m11:12:18.543644 [debug] [Thread-4 (]: Using snowflake connection "test.sdg_flashtalk_demo.source_not_null_source_a_raw_appointments_patient_id.a6ce2f55ac"
[0m11:12:18.544263 [debug] [Thread-2 (]: On test.sdg_flashtalk_demo.source_accepted_values_source_a_raw_appointments_status__completed__cancelled__scheduled.5a262173bb: /* {"app": "dbt", "dbt_version": "1.9.4", "profile_name": "sdg_flashtalk_demo", "target_name": "dev", "node_id": "test.sdg_flashtalk_demo.source_accepted_values_source_a_raw_appointments_status__completed__cancelled__scheduled.5a262173bb"} */
select
      count(*) as failures,
      count(*) != 0 as should_warn,
      count(*) != 0 as should_error
    from (
      
    
    

with all_values as (

    select
        status as value_field,
        count(*) as n_records

    from SDG_FLASHTALK_BRZ.SOURCE_A.raw_appointments
    group by status

)

select *
from all_values
where value_field not in (
    'completed','cancelled','scheduled'
)



      
    ) dbt_internal_test
[0m11:12:18.545271 [debug] [Thread-5 (]: Using snowflake connection "test.sdg_flashtalk_demo.source_not_null_source_b_raw_doctors_doctor_id.793c8549ca"
[0m11:12:18.545820 [debug] [Thread-3 (]: On test.sdg_flashtalk_demo.source_not_null_source_a_raw_appointments_doctor_id.f0d5c782b1: /* {"app": "dbt", "dbt_version": "1.9.4", "profile_name": "sdg_flashtalk_demo", "target_name": "dev", "node_id": "test.sdg_flashtalk_demo.source_not_null_source_a_raw_appointments_doctor_id.f0d5c782b1"} */
select
      count(*) as failures,
      count(*) != 0 as should_warn,
      count(*) != 0 as should_error
    from (
      
    
    



select doctor_id
from SDG_FLASHTALK_BRZ.SOURCE_A.raw_appointments
where doctor_id is null



      
    ) dbt_internal_test
[0m11:12:18.546473 [debug] [Thread-4 (]: On test.sdg_flashtalk_demo.source_not_null_source_a_raw_appointments_patient_id.a6ce2f55ac: /* {"app": "dbt", "dbt_version": "1.9.4", "profile_name": "sdg_flashtalk_demo", "target_name": "dev", "node_id": "test.sdg_flashtalk_demo.source_not_null_source_a_raw_appointments_patient_id.a6ce2f55ac"} */
select
      count(*) as failures,
      count(*) != 0 as should_warn,
      count(*) != 0 as should_error
    from (
      
    
    



select patient_id
from SDG_FLASHTALK_BRZ.SOURCE_A.raw_appointments
where patient_id is null



      
    ) dbt_internal_test
[0m11:12:18.547028 [debug] [Thread-2 (]: Opening a new connection, currently in state init
[0m11:12:18.547579 [debug] [Thread-5 (]: On test.sdg_flashtalk_demo.source_not_null_source_b_raw_doctors_doctor_id.793c8549ca: /* {"app": "dbt", "dbt_version": "1.9.4", "profile_name": "sdg_flashtalk_demo", "target_name": "dev", "node_id": "test.sdg_flashtalk_demo.source_not_null_source_b_raw_doctors_doctor_id.793c8549ca"} */
select
      count(*) as failures,
      count(*) != 0 as should_warn,
      count(*) != 0 as should_error
    from (
      
    
    



select doctor_id
from SDG_FLASHTALK_BRZ.SOURCE_B.raw_doctors
where doctor_id is null



      
    ) dbt_internal_test
[0m11:12:18.548076 [debug] [Thread-3 (]: Opening a new connection, currently in state init
[0m11:12:18.548528 [debug] [Thread-4 (]: Opening a new connection, currently in state init
[0m11:12:18.549163 [debug] [Thread-5 (]: Opening a new connection, currently in state init
[0m11:12:19.075595 [debug] [Thread-3 (]: SQL status: SUCCESS 1 in 0.527 seconds
[0m11:12:19.076362 [debug] [Thread-5 (]: SQL status: SUCCESS 1 in 0.527 seconds
[0m11:12:19.077032 [debug] [Thread-4 (]: SQL status: SUCCESS 1 in 0.528 seconds
[0m11:12:19.077825 [debug] [Thread-2 (]: SQL status: SUCCESS 1 in 0.531 seconds
[0m11:12:19.086866 [info ] [Thread-3 (]: 2 of 38 PASS source_not_null_source_a_raw_appointments_doctor_id ............... [[32mPASS[0m in 0.62s]
[0m11:12:19.088866 [info ] [Thread-5 (]: 4 of 38 PASS source_not_null_source_b_raw_doctors_doctor_id .................... [[32mPASS[0m in 0.62s]
[0m11:12:19.090831 [info ] [Thread-4 (]: 3 of 38 PASS source_not_null_source_a_raw_appointments_patient_id .............. [[32mPASS[0m in 0.62s]
[0m11:12:19.092728 [info ] [Thread-2 (]: 1 of 38 PASS source_accepted_values_source_a_raw_appointments_status__completed__cancelled__scheduled  [[32mPASS[0m in 0.63s]
[0m11:12:19.093497 [debug] [Thread-3 (]: Finished running node test.sdg_flashtalk_demo.source_not_null_source_a_raw_appointments_doctor_id.f0d5c782b1
[0m11:12:19.094240 [debug] [Thread-5 (]: Finished running node test.sdg_flashtalk_demo.source_not_null_source_b_raw_doctors_doctor_id.793c8549ca
[0m11:12:19.094926 [debug] [Thread-4 (]: Finished running node test.sdg_flashtalk_demo.source_not_null_source_a_raw_appointments_patient_id.a6ce2f55ac
[0m11:12:19.095575 [debug] [Thread-2 (]: Finished running node test.sdg_flashtalk_demo.source_accepted_values_source_a_raw_appointments_status__completed__cancelled__scheduled.5a262173bb
[0m11:12:19.096190 [debug] [Thread-3 (]: Began running node test.sdg_flashtalk_demo.source_not_null_source_b_raw_doctors_doctor_name.9515f42e03
[0m11:12:19.096877 [debug] [Thread-5 (]: Began running node test.sdg_flashtalk_demo.source_unique_source_a_raw_appointments_patient_id.76c15d679a
[0m11:12:19.097504 [debug] [Thread-4 (]: Began running node test.sdg_flashtalk_demo.source_unique_source_b_raw_doctors_doctor_id.0ca3d51927
[0m11:12:19.098479 [info ] [Thread-3 (]: 5 of 38 START test source_not_null_source_b_raw_doctors_doctor_name ............ [RUN]
[0m11:12:19.099101 [info ] [Thread-5 (]: 6 of 38 START test source_unique_source_a_raw_appointments_patient_id .......... [RUN]
[0m11:12:19.099700 [info ] [Thread-4 (]: 7 of 38 START test source_unique_source_b_raw_doctors_doctor_id ................ [RUN]
[0m11:12:19.100377 [debug] [Thread-3 (]: Re-using an available connection from the pool (formerly test.sdg_flashtalk_demo.source_not_null_source_a_raw_appointments_doctor_id.f0d5c782b1, now test.sdg_flashtalk_demo.source_not_null_source_b_raw_doctors_doctor_name.9515f42e03)
[0m11:12:19.100992 [debug] [Thread-5 (]: Re-using an available connection from the pool (formerly test.sdg_flashtalk_demo.source_not_null_source_b_raw_doctors_doctor_id.793c8549ca, now test.sdg_flashtalk_demo.source_unique_source_a_raw_appointments_patient_id.76c15d679a)
[0m11:12:19.101595 [debug] [Thread-4 (]: Re-using an available connection from the pool (formerly test.sdg_flashtalk_demo.source_not_null_source_a_raw_appointments_patient_id.a6ce2f55ac, now test.sdg_flashtalk_demo.source_unique_source_b_raw_doctors_doctor_id.0ca3d51927)
[0m11:12:19.102236 [debug] [Thread-3 (]: Began compiling node test.sdg_flashtalk_demo.source_not_null_source_b_raw_doctors_doctor_name.9515f42e03
[0m11:12:19.102785 [debug] [Thread-5 (]: Began compiling node test.sdg_flashtalk_demo.source_unique_source_a_raw_appointments_patient_id.76c15d679a
[0m11:12:19.103334 [debug] [Thread-4 (]: Began compiling node test.sdg_flashtalk_demo.source_unique_source_b_raw_doctors_doctor_id.0ca3d51927
[0m11:12:19.108757 [debug] [Thread-3 (]: Writing injected SQL for node "test.sdg_flashtalk_demo.source_not_null_source_b_raw_doctors_doctor_name.9515f42e03"
[0m11:12:19.116316 [debug] [Thread-5 (]: Writing injected SQL for node "test.sdg_flashtalk_demo.source_unique_source_a_raw_appointments_patient_id.76c15d679a"
[0m11:12:19.121234 [debug] [Thread-4 (]: Writing injected SQL for node "test.sdg_flashtalk_demo.source_unique_source_b_raw_doctors_doctor_id.0ca3d51927"
[0m11:12:19.122365 [debug] [Thread-3 (]: Began executing node test.sdg_flashtalk_demo.source_not_null_source_b_raw_doctors_doctor_name.9515f42e03
[0m11:12:19.123324 [debug] [Thread-5 (]: Began executing node test.sdg_flashtalk_demo.source_unique_source_a_raw_appointments_patient_id.76c15d679a
[0m11:12:19.128211 [debug] [Thread-3 (]: Writing runtime sql for node "test.sdg_flashtalk_demo.source_not_null_source_b_raw_doctors_doctor_name.9515f42e03"
[0m11:12:19.128811 [debug] [Thread-4 (]: Began executing node test.sdg_flashtalk_demo.source_unique_source_b_raw_doctors_doctor_id.0ca3d51927
[0m11:12:19.132247 [debug] [Thread-5 (]: Writing runtime sql for node "test.sdg_flashtalk_demo.source_unique_source_a_raw_appointments_patient_id.76c15d679a"
[0m11:12:19.135987 [debug] [Thread-4 (]: Writing runtime sql for node "test.sdg_flashtalk_demo.source_unique_source_b_raw_doctors_doctor_id.0ca3d51927"
[0m11:12:19.136914 [debug] [Thread-3 (]: Using snowflake connection "test.sdg_flashtalk_demo.source_not_null_source_b_raw_doctors_doctor_name.9515f42e03"
[0m11:12:19.138366 [debug] [Thread-5 (]: Using snowflake connection "test.sdg_flashtalk_demo.source_unique_source_a_raw_appointments_patient_id.76c15d679a"
[0m11:12:19.139081 [debug] [Thread-3 (]: On test.sdg_flashtalk_demo.source_not_null_source_b_raw_doctors_doctor_name.9515f42e03: /* {"app": "dbt", "dbt_version": "1.9.4", "profile_name": "sdg_flashtalk_demo", "target_name": "dev", "node_id": "test.sdg_flashtalk_demo.source_not_null_source_b_raw_doctors_doctor_name.9515f42e03"} */
select
      count(*) as failures,
      count(*) != 0 as should_warn,
      count(*) != 0 as should_error
    from (
      
    
    



select doctor_name
from SDG_FLASHTALK_BRZ.SOURCE_B.raw_doctors
where doctor_name is null



      
    ) dbt_internal_test
[0m11:12:19.140125 [debug] [Thread-4 (]: Using snowflake connection "test.sdg_flashtalk_demo.source_unique_source_b_raw_doctors_doctor_id.0ca3d51927"
[0m11:12:19.140688 [debug] [Thread-5 (]: On test.sdg_flashtalk_demo.source_unique_source_a_raw_appointments_patient_id.76c15d679a: /* {"app": "dbt", "dbt_version": "1.9.4", "profile_name": "sdg_flashtalk_demo", "target_name": "dev", "node_id": "test.sdg_flashtalk_demo.source_unique_source_a_raw_appointments_patient_id.76c15d679a"} */
select
      count(*) as failures,
      count(*) != 0 as should_warn,
      count(*) != 0 as should_error
    from (
      
    
    

select
    patient_id as unique_field,
    count(*) as n_records

from SDG_FLASHTALK_BRZ.SOURCE_A.raw_appointments
where patient_id is not null
group by patient_id
having count(*) > 1



      
    ) dbt_internal_test
[0m11:12:19.141232 [debug] [Thread-3 (]: Opening a new connection, currently in state init
[0m11:12:19.141826 [debug] [Thread-4 (]: On test.sdg_flashtalk_demo.source_unique_source_b_raw_doctors_doctor_id.0ca3d51927: /* {"app": "dbt", "dbt_version": "1.9.4", "profile_name": "sdg_flashtalk_demo", "target_name": "dev", "node_id": "test.sdg_flashtalk_demo.source_unique_source_b_raw_doctors_doctor_id.0ca3d51927"} */
select
      count(*) as failures,
      count(*) != 0 as should_warn,
      count(*) != 0 as should_error
    from (
      
    
    

select
    doctor_id as unique_field,
    count(*) as n_records

from SDG_FLASHTALK_BRZ.SOURCE_B.raw_doctors
where doctor_id is not null
group by doctor_id
having count(*) > 1



      
    ) dbt_internal_test
[0m11:12:19.142442 [debug] [Thread-5 (]: Opening a new connection, currently in state init
[0m11:12:19.143225 [debug] [Thread-4 (]: Opening a new connection, currently in state init
[0m11:12:19.592744 [debug] [Thread-3 (]: SQL status: SUCCESS 1 in 0.451 seconds
[0m11:12:19.595098 [info ] [Thread-3 (]: 5 of 38 PASS source_not_null_source_b_raw_doctors_doctor_name .................. [[32mPASS[0m in 0.49s]
[0m11:12:19.595862 [debug] [Thread-3 (]: Finished running node test.sdg_flashtalk_demo.source_not_null_source_b_raw_doctors_doctor_name.9515f42e03
[0m11:12:19.604461 [debug] [Thread-5 (]: SQL status: SUCCESS 1 in 0.462 seconds
[0m11:12:19.605173 [debug] [Thread-4 (]: SQL status: SUCCESS 1 in 0.462 seconds
[0m11:12:19.607271 [info ] [Thread-5 (]: 6 of 38 PASS source_unique_source_a_raw_appointments_patient_id ................ [[32mPASS[0m in 0.51s]
[0m11:12:19.609210 [info ] [Thread-4 (]: 7 of 38 PASS source_unique_source_b_raw_doctors_doctor_id ...................... [[32mPASS[0m in 0.51s]
[0m11:12:19.610035 [debug] [Thread-5 (]: Finished running node test.sdg_flashtalk_demo.source_unique_source_a_raw_appointments_patient_id.76c15d679a
[0m11:12:19.610744 [debug] [Thread-4 (]: Finished running node test.sdg_flashtalk_demo.source_unique_source_b_raw_doctors_doctor_id.0ca3d51927
[0m11:12:19.611820 [debug] [Thread-2 (]: Began running node model.sdg_flashtalk_demo.slv_base_appointments
[0m11:12:19.612744 [debug] [Thread-5 (]: Began running node model.sdg_flashtalk_demo.slv_base_doctors
[0m11:12:19.613412 [info ] [Thread-2 (]: 8 of 38 START sql table model SDG_FLASHTALK_SLV.BASE.slv_base_appointments ..... [RUN]
[0m11:12:19.614176 [info ] [Thread-5 (]: 9 of 38 START sql table model SDG_FLASHTALK_SLV.BASE.slv_base_doctors .......... [RUN]
[0m11:12:19.614857 [debug] [Thread-2 (]: Re-using an available connection from the pool (formerly test.sdg_flashtalk_demo.source_accepted_values_source_a_raw_appointments_status__completed__cancelled__scheduled.5a262173bb, now model.sdg_flashtalk_demo.slv_base_appointments)
[0m11:12:19.615419 [debug] [Thread-5 (]: Re-using an available connection from the pool (formerly test.sdg_flashtalk_demo.source_unique_source_a_raw_appointments_patient_id.76c15d679a, now model.sdg_flashtalk_demo.slv_base_doctors)
[0m11:12:19.615976 [debug] [Thread-2 (]: Began compiling node model.sdg_flashtalk_demo.slv_base_appointments
[0m11:12:19.616491 [debug] [Thread-5 (]: Began compiling node model.sdg_flashtalk_demo.slv_base_doctors
[0m11:12:19.621060 [debug] [Thread-2 (]: Writing injected SQL for node "model.sdg_flashtalk_demo.slv_base_appointments"
[0m11:12:19.626441 [debug] [Thread-5 (]: Writing injected SQL for node "model.sdg_flashtalk_demo.slv_base_doctors"
[0m11:12:19.627403 [debug] [Thread-2 (]: Began executing node model.sdg_flashtalk_demo.slv_base_appointments
[0m11:12:19.628109 [debug] [Thread-5 (]: Began executing node model.sdg_flashtalk_demo.slv_base_doctors
[0m11:12:19.656242 [debug] [Thread-2 (]: Writing runtime sql for node "model.sdg_flashtalk_demo.slv_base_appointments"
[0m11:12:19.659968 [debug] [Thread-5 (]: Writing runtime sql for node "model.sdg_flashtalk_demo.slv_base_doctors"
[0m11:12:19.662152 [debug] [Thread-2 (]: Using snowflake connection "model.sdg_flashtalk_demo.slv_base_appointments"
[0m11:12:19.662957 [debug] [Thread-2 (]: On model.sdg_flashtalk_demo.slv_base_appointments: /* {"app": "dbt", "dbt_version": "1.9.4", "profile_name": "sdg_flashtalk_demo", "target_name": "dev", "node_id": "model.sdg_flashtalk_demo.slv_base_appointments"} */
create or replace transient table SDG_FLASHTALK_SLV.BASE.slv_base_appointments
         as
        (-- SILVER | Base — one row per source record, type-cast, cleaned, and keyed.
-- Combines type standardisation (from raw VARCHAR landing) with cleaning,
-- surrogate key, and null handling. Still 1:1 with the source.

SELECT
    MD5(CAST(patient_id AS VARCHAR) || '|' ||
        CAST(appointment_date AS VARCHAR) || '|' ||
        doctor_id)                                          AS appointment_sk,
    patient_id::INTEGER                                     AS patient_id,
    INITCAP(TRIM(patient_name::VARCHAR(100)))               AS patient_name,
    TRIM(doctor_id::VARCHAR(10))                            AS doctor_id,
    appointment_date::DATE                                  AS appointment_date,
    LOWER(TRIM(status::VARCHAR(20)))                        AS status,
    COALESCE(NULLIF(TRIM(notes::VARCHAR(500)), ''), 'No notes provided') AS notes,
    _loaded_at                                              AS _loaded_at,
    _source_system                                          AS _source
FROM SDG_FLASHTALK_BRZ.SOURCE_A.raw_appointments
WHERE patient_id IS NOT NULL
  AND status     IS NOT NULL
        );
[0m11:12:19.664193 [debug] [Thread-5 (]: Using snowflake connection "model.sdg_flashtalk_demo.slv_base_doctors"
[0m11:12:19.664728 [debug] [Thread-2 (]: Opening a new connection, currently in state init
[0m11:12:19.665295 [debug] [Thread-5 (]: On model.sdg_flashtalk_demo.slv_base_doctors: /* {"app": "dbt", "dbt_version": "1.9.4", "profile_name": "sdg_flashtalk_demo", "target_name": "dev", "node_id": "model.sdg_flashtalk_demo.slv_base_doctors"} */
create or replace transient table SDG_FLASHTALK_SLV.BASE.slv_base_doctors
         as
        (-- SILVER | Base — provider records, type-cast and cleaned.
-- Combines type standardisation (from raw VARCHAR landing) with cleaning.

SELECT
    TRIM(doctor_id::VARCHAR(10))            AS doctor_id,
    INITCAP(TRIM(doctor_name::VARCHAR(100))) AS doctor_name,
    INITCAP(TRIM(specialty::VARCHAR(50)))    AS specialty,
    INITCAP(TRIM(department::VARCHAR(50)))   AS department,
    hire_date::DATE                          AS hire_date,
    _loaded_at                              AS _loaded_at,
    _source_system                          AS _source
FROM SDG_FLASHTALK_BRZ.SOURCE_B.raw_doctors
WHERE doctor_id IS NOT NULL
        );
[0m11:12:19.666061 [debug] [Thread-5 (]: Opening a new connection, currently in state init
[0m11:12:21.139112 [debug] [Thread-5 (]: SQL status: SUCCESS 1 in 1.473 seconds
[0m11:12:21.159553 [info ] [Thread-5 (]: 9 of 38 OK created sql table model SDG_FLASHTALK_SLV.BASE.slv_base_doctors ..... [[32mSUCCESS 1[0m in 1.54s]
[0m11:12:21.160299 [debug] [Thread-5 (]: Finished running node model.sdg_flashtalk_demo.slv_base_doctors
[0m11:12:21.161328 [debug] [Thread-4 (]: Began running node test.sdg_flashtalk_demo.not_null_slv_base_doctors_department.9e8d73d2bd
[0m11:12:21.161897 [debug] [Thread-3 (]: Began running node test.sdg_flashtalk_demo.not_null_slv_base_doctors_doctor_id.e5b0b0e4f4
[0m11:12:21.162514 [debug] [Thread-5 (]: Began running node test.sdg_flashtalk_demo.not_null_slv_base_doctors_doctor_name.3b13bf5fad
[0m11:12:21.163086 [info ] [Thread-4 (]: 10 of 38 START test not_null_slv_base_doctors_department ....................... [RUN]
[0m11:12:21.163693 [info ] [Thread-3 (]: 11 of 38 START test not_null_slv_base_doctors_doctor_id ........................ [RUN]
[0m11:12:21.164297 [info ] [Thread-5 (]: 12 of 38 START test not_null_slv_base_doctors_doctor_name ...................... [RUN]
[0m11:12:21.164949 [debug] [Thread-4 (]: Re-using an available connection from the pool (formerly test.sdg_flashtalk_demo.source_unique_source_b_raw_doctors_doctor_id.0ca3d51927, now test.sdg_flashtalk_demo.not_null_slv_base_doctors_department.9e8d73d2bd)
[0m11:12:21.165514 [debug] [Thread-3 (]: Re-using an available connection from the pool (formerly test.sdg_flashtalk_demo.source_not_null_source_b_raw_doctors_doctor_name.9515f42e03, now test.sdg_flashtalk_demo.not_null_slv_base_doctors_doctor_id.e5b0b0e4f4)
[0m11:12:21.166185 [debug] [Thread-5 (]: Re-using an available connection from the pool (formerly model.sdg_flashtalk_demo.slv_base_doctors, now test.sdg_flashtalk_demo.not_null_slv_base_doctors_doctor_name.3b13bf5fad)
[0m11:12:21.166726 [debug] [Thread-4 (]: Began compiling node test.sdg_flashtalk_demo.not_null_slv_base_doctors_department.9e8d73d2bd
[0m11:12:21.167226 [debug] [Thread-3 (]: Began compiling node test.sdg_flashtalk_demo.not_null_slv_base_doctors_doctor_id.e5b0b0e4f4
[0m11:12:21.167721 [debug] [Thread-5 (]: Began compiling node test.sdg_flashtalk_demo.not_null_slv_base_doctors_doctor_name.3b13bf5fad
[0m11:12:21.173276 [debug] [Thread-4 (]: Writing injected SQL for node "test.sdg_flashtalk_demo.not_null_slv_base_doctors_department.9e8d73d2bd"
[0m11:12:21.179807 [debug] [Thread-3 (]: Writing injected SQL for node "test.sdg_flashtalk_demo.not_null_slv_base_doctors_doctor_id.e5b0b0e4f4"
[0m11:12:21.185144 [debug] [Thread-5 (]: Writing injected SQL for node "test.sdg_flashtalk_demo.not_null_slv_base_doctors_doctor_name.3b13bf5fad"
[0m11:12:21.186022 [debug] [Thread-4 (]: Began executing node test.sdg_flashtalk_demo.not_null_slv_base_doctors_department.9e8d73d2bd
[0m11:12:21.186872 [debug] [Thread-3 (]: Began executing node test.sdg_flashtalk_demo.not_null_slv_base_doctors_doctor_id.e5b0b0e4f4
[0m11:12:21.190987 [debug] [Thread-4 (]: Writing runtime sql for node "test.sdg_flashtalk_demo.not_null_slv_base_doctors_department.9e8d73d2bd"
[0m11:12:21.191598 [debug] [Thread-5 (]: Began executing node test.sdg_flashtalk_demo.not_null_slv_base_doctors_doctor_name.3b13bf5fad
[0m11:12:21.195294 [debug] [Thread-3 (]: Writing runtime sql for node "test.sdg_flashtalk_demo.not_null_slv_base_doctors_doctor_id.e5b0b0e4f4"
[0m11:12:21.198994 [debug] [Thread-5 (]: Writing runtime sql for node "test.sdg_flashtalk_demo.not_null_slv_base_doctors_doctor_name.3b13bf5fad"
[0m11:12:21.199952 [debug] [Thread-4 (]: Using snowflake connection "test.sdg_flashtalk_demo.not_null_slv_base_doctors_department.9e8d73d2bd"
[0m11:12:21.201210 [debug] [Thread-3 (]: Using snowflake connection "test.sdg_flashtalk_demo.not_null_slv_base_doctors_doctor_id.e5b0b0e4f4"
[0m11:12:21.201985 [debug] [Thread-4 (]: On test.sdg_flashtalk_demo.not_null_slv_base_doctors_department.9e8d73d2bd: /* {"app": "dbt", "dbt_version": "1.9.4", "profile_name": "sdg_flashtalk_demo", "target_name": "dev", "node_id": "test.sdg_flashtalk_demo.not_null_slv_base_doctors_department.9e8d73d2bd"} */
select
      count(*) as failures,
      count(*) != 0 as should_warn,
      count(*) != 0 as should_error
    from (
      
    
    



select department
from SDG_FLASHTALK_SLV.BASE.slv_base_doctors
where department is null



      
    ) dbt_internal_test
[0m11:12:21.202843 [debug] [Thread-5 (]: Using snowflake connection "test.sdg_flashtalk_demo.not_null_slv_base_doctors_doctor_name.3b13bf5fad"
[0m11:12:21.203358 [debug] [Thread-3 (]: On test.sdg_flashtalk_demo.not_null_slv_base_doctors_doctor_id.e5b0b0e4f4: /* {"app": "dbt", "dbt_version": "1.9.4", "profile_name": "sdg_flashtalk_demo", "target_name": "dev", "node_id": "test.sdg_flashtalk_demo.not_null_slv_base_doctors_doctor_id.e5b0b0e4f4"} */
select
      count(*) as failures,
      count(*) != 0 as should_warn,
      count(*) != 0 as should_error
    from (
      
    
    



select doctor_id
from SDG_FLASHTALK_SLV.BASE.slv_base_doctors
where doctor_id is null



      
    ) dbt_internal_test
[0m11:12:21.203859 [debug] [Thread-4 (]: Opening a new connection, currently in state init
[0m11:12:21.204358 [debug] [Thread-5 (]: On test.sdg_flashtalk_demo.not_null_slv_base_doctors_doctor_name.3b13bf5fad: /* {"app": "dbt", "dbt_version": "1.9.4", "profile_name": "sdg_flashtalk_demo", "target_name": "dev", "node_id": "test.sdg_flashtalk_demo.not_null_slv_base_doctors_doctor_name.3b13bf5fad"} */
select
      count(*) as failures,
      count(*) != 0 as should_warn,
      count(*) != 0 as should_error
    from (
      
    
    



select doctor_name
from SDG_FLASHTALK_SLV.BASE.slv_base_doctors
where doctor_name is null



      
    ) dbt_internal_test
[0m11:12:21.204816 [debug] [Thread-3 (]: Opening a new connection, currently in state init
[0m11:12:21.205443 [debug] [Thread-5 (]: Opening a new connection, currently in state init
[0m11:12:21.235392 [debug] [Thread-2 (]: SQL status: SUCCESS 1 in 1.571 seconds
[0m11:12:21.239284 [info ] [Thread-2 (]: 8 of 38 OK created sql table model SDG_FLASHTALK_SLV.BASE.slv_base_appointments  [[32mSUCCESS 1[0m in 1.62s]
[0m11:12:21.240470 [debug] [Thread-2 (]: Finished running node model.sdg_flashtalk_demo.slv_base_appointments
[0m11:12:21.241694 [debug] [Thread-2 (]: Began running node test.sdg_flashtalk_demo.not_null_slv_base_doctors_hire_date.eac4b4247e
[0m11:12:21.242604 [info ] [Thread-2 (]: 13 of 38 START test not_null_slv_base_doctors_hire_date ........................ [RUN]
[0m11:12:21.243265 [debug] [Thread-2 (]: Re-using an available connection from the pool (formerly model.sdg_flashtalk_demo.slv_base_appointments, now test.sdg_flashtalk_demo.not_null_slv_base_doctors_hire_date.eac4b4247e)
[0m11:12:21.243761 [debug] [Thread-2 (]: Began compiling node test.sdg_flashtalk_demo.not_null_slv_base_doctors_hire_date.eac4b4247e
[0m11:12:21.248750 [debug] [Thread-2 (]: Writing injected SQL for node "test.sdg_flashtalk_demo.not_null_slv_base_doctors_hire_date.eac4b4247e"
[0m11:12:21.249399 [debug] [Thread-2 (]: Began executing node test.sdg_flashtalk_demo.not_null_slv_base_doctors_hire_date.eac4b4247e
[0m11:12:21.252934 [debug] [Thread-2 (]: Writing runtime sql for node "test.sdg_flashtalk_demo.not_null_slv_base_doctors_hire_date.eac4b4247e"
[0m11:12:21.253938 [debug] [Thread-2 (]: Using snowflake connection "test.sdg_flashtalk_demo.not_null_slv_base_doctors_hire_date.eac4b4247e"
[0m11:12:21.254462 [debug] [Thread-2 (]: On test.sdg_flashtalk_demo.not_null_slv_base_doctors_hire_date.eac4b4247e: /* {"app": "dbt", "dbt_version": "1.9.4", "profile_name": "sdg_flashtalk_demo", "target_name": "dev", "node_id": "test.sdg_flashtalk_demo.not_null_slv_base_doctors_hire_date.eac4b4247e"} */
select
      count(*) as failures,
      count(*) != 0 as should_warn,
      count(*) != 0 as should_error
    from (
      
    
    



select hire_date
from SDG_FLASHTALK_SLV.BASE.slv_base_doctors
where hire_date is null



      
    ) dbt_internal_test
[0m11:12:21.254915 [debug] [Thread-2 (]: Opening a new connection, currently in state init
[0m11:12:21.739082 [debug] [Thread-5 (]: SQL status: SUCCESS 1 in 0.533 seconds
[0m11:12:21.739834 [debug] [Thread-3 (]: SQL status: SUCCESS 1 in 0.535 seconds
[0m11:12:21.740513 [debug] [Thread-2 (]: SQL status: SUCCESS 1 in 0.486 seconds
[0m11:12:21.741182 [debug] [Thread-4 (]: SQL status: SUCCESS 1 in 0.537 seconds
[0m11:12:21.743687 [info ] [Thread-5 (]: 12 of 38 PASS not_null_slv_base_doctors_doctor_name ............................ [[32mPASS[0m in 0.58s]
[0m11:12:21.745561 [info ] [Thread-3 (]: 11 of 38 PASS not_null_slv_base_doctors_doctor_id .............................. [[32mPASS[0m in 0.58s]
[0m11:12:21.747476 [info ] [Thread-2 (]: 13 of 38 PASS not_null_slv_base_doctors_hire_date .............................. [[32mPASS[0m in 0.50s]
[0m11:12:21.749309 [info ] [Thread-4 (]: 10 of 38 PASS not_null_slv_base_doctors_department ............................. [[32mPASS[0m in 0.58s]
[0m11:12:21.750162 [debug] [Thread-5 (]: Finished running node test.sdg_flashtalk_demo.not_null_slv_base_doctors_doctor_name.3b13bf5fad
[0m11:12:21.750876 [debug] [Thread-3 (]: Finished running node test.sdg_flashtalk_demo.not_null_slv_base_doctors_doctor_id.e5b0b0e4f4
[0m11:12:21.751559 [debug] [Thread-2 (]: Finished running node test.sdg_flashtalk_demo.not_null_slv_base_doctors_hire_date.eac4b4247e
[0m11:12:21.752206 [debug] [Thread-4 (]: Finished running node test.sdg_flashtalk_demo.not_null_slv_base_doctors_department.9e8d73d2bd
[0m11:12:21.752964 [debug] [Thread-5 (]: Began running node test.sdg_flashtalk_demo.not_null_slv_base_doctors_specialty.a453703c7f
[0m11:12:21.753678 [debug] [Thread-3 (]: Began running node test.sdg_flashtalk_demo.unique_slv_base_doctors_doctor_id.233da7a616
[0m11:12:21.754406 [debug] [Thread-2 (]: Began running node test.sdg_flashtalk_demo.accepted_values_slv_base_appointments_status__completed__cancelled__scheduled.c01541bf07
[0m11:12:21.755085 [debug] [Thread-4 (]: Began running node test.sdg_flashtalk_demo.not_null_slv_base_appointments_appointment_sk.8c27f3c08d
[0m11:12:21.755702 [info ] [Thread-5 (]: 14 of 38 START test not_null_slv_base_doctors_specialty ........................ [RUN]
[0m11:12:21.756281 [info ] [Thread-3 (]: 15 of 38 START test unique_slv_base_doctors_doctor_id .......................... [RUN]
[0m11:12:21.756856 [info ] [Thread-2 (]: 16 of 38 START test accepted_values_slv_base_appointments_status__completed__cancelled__scheduled  [RUN]
[0m11:12:21.757467 [info ] [Thread-4 (]: 17 of 38 START test not_null_slv_base_appointments_appointment_sk .............. [RUN]
[0m11:12:21.758184 [debug] [Thread-5 (]: Re-using an available connection from the pool (formerly test.sdg_flashtalk_demo.not_null_slv_base_doctors_doctor_name.3b13bf5fad, now test.sdg_flashtalk_demo.not_null_slv_base_doctors_specialty.a453703c7f)
[0m11:12:21.758765 [debug] [Thread-3 (]: Re-using an available connection from the pool (formerly test.sdg_flashtalk_demo.not_null_slv_base_doctors_doctor_id.e5b0b0e4f4, now test.sdg_flashtalk_demo.unique_slv_base_doctors_doctor_id.233da7a616)
[0m11:12:21.759344 [debug] [Thread-2 (]: Re-using an available connection from the pool (formerly test.sdg_flashtalk_demo.not_null_slv_base_doctors_hire_date.eac4b4247e, now test.sdg_flashtalk_demo.accepted_values_slv_base_appointments_status__completed__cancelled__scheduled.c01541bf07)
[0m11:12:21.759896 [debug] [Thread-4 (]: Re-using an available connection from the pool (formerly test.sdg_flashtalk_demo.not_null_slv_base_doctors_department.9e8d73d2bd, now test.sdg_flashtalk_demo.not_null_slv_base_appointments_appointment_sk.8c27f3c08d)
[0m11:12:21.760436 [debug] [Thread-5 (]: Began compiling node test.sdg_flashtalk_demo.not_null_slv_base_doctors_specialty.a453703c7f
[0m11:12:21.760970 [debug] [Thread-3 (]: Began compiling node test.sdg_flashtalk_demo.unique_slv_base_doctors_doctor_id.233da7a616
[0m11:12:21.761463 [debug] [Thread-2 (]: Began compiling node test.sdg_flashtalk_demo.accepted_values_slv_base_appointments_status__completed__cancelled__scheduled.c01541bf07
[0m11:12:21.762089 [debug] [Thread-4 (]: Began compiling node test.sdg_flashtalk_demo.not_null_slv_base_appointments_appointment_sk.8c27f3c08d
[0m11:12:21.767635 [debug] [Thread-5 (]: Writing injected SQL for node "test.sdg_flashtalk_demo.not_null_slv_base_doctors_specialty.a453703c7f"
[0m11:12:21.775271 [debug] [Thread-3 (]: Writing injected SQL for node "test.sdg_flashtalk_demo.unique_slv_base_doctors_doctor_id.233da7a616"
[0m11:12:21.781267 [debug] [Thread-2 (]: Writing injected SQL for node "test.sdg_flashtalk_demo.accepted_values_slv_base_appointments_status__completed__cancelled__scheduled.c01541bf07"
[0m11:12:21.787096 [debug] [Thread-4 (]: Writing injected SQL for node "test.sdg_flashtalk_demo.not_null_slv_base_appointments_appointment_sk.8c27f3c08d"
[0m11:12:21.788391 [debug] [Thread-5 (]: Began executing node test.sdg_flashtalk_demo.not_null_slv_base_doctors_specialty.a453703c7f
[0m11:12:21.788961 [debug] [Thread-3 (]: Began executing node test.sdg_flashtalk_demo.unique_slv_base_doctors_doctor_id.233da7a616
[0m11:12:21.789938 [debug] [Thread-2 (]: Began executing node test.sdg_flashtalk_demo.accepted_values_slv_base_appointments_status__completed__cancelled__scheduled.c01541bf07
[0m11:12:21.794283 [debug] [Thread-5 (]: Writing runtime sql for node "test.sdg_flashtalk_demo.not_null_slv_base_doctors_specialty.a453703c7f"
[0m11:12:21.794947 [debug] [Thread-4 (]: Began executing node test.sdg_flashtalk_demo.not_null_slv_base_appointments_appointment_sk.8c27f3c08d
[0m11:12:21.798948 [debug] [Thread-3 (]: Writing runtime sql for node "test.sdg_flashtalk_demo.unique_slv_base_doctors_doctor_id.233da7a616"
[0m11:12:21.803965 [debug] [Thread-2 (]: Writing runtime sql for node "test.sdg_flashtalk_demo.accepted_values_slv_base_appointments_status__completed__cancelled__scheduled.c01541bf07"
[0m11:12:21.884921 [debug] [Thread-4 (]: Writing runtime sql for node "test.sdg_flashtalk_demo.not_null_slv_base_appointments_appointment_sk.8c27f3c08d"
[0m11:12:21.886018 [debug] [Thread-5 (]: Using snowflake connection "test.sdg_flashtalk_demo.not_null_slv_base_doctors_specialty.a453703c7f"
[0m11:12:21.887550 [debug] [Thread-3 (]: Using snowflake connection "test.sdg_flashtalk_demo.unique_slv_base_doctors_doctor_id.233da7a616"
[0m11:12:21.888862 [debug] [Thread-2 (]: Using snowflake connection "test.sdg_flashtalk_demo.accepted_values_slv_base_appointments_status__completed__cancelled__scheduled.c01541bf07"
[0m11:12:21.889510 [debug] [Thread-5 (]: On test.sdg_flashtalk_demo.not_null_slv_base_doctors_specialty.a453703c7f: /* {"app": "dbt", "dbt_version": "1.9.4", "profile_name": "sdg_flashtalk_demo", "target_name": "dev", "node_id": "test.sdg_flashtalk_demo.not_null_slv_base_doctors_specialty.a453703c7f"} */
select
      count(*) as failures,
      count(*) != 0 as should_warn,
      count(*) != 0 as should_error
    from (
      
    
    



select specialty
from SDG_FLASHTALK_SLV.BASE.slv_base_doctors
where specialty is null



      
    ) dbt_internal_test
[0m11:12:21.890530 [debug] [Thread-4 (]: Using snowflake connection "test.sdg_flashtalk_demo.not_null_slv_base_appointments_appointment_sk.8c27f3c08d"
[0m11:12:21.891071 [debug] [Thread-3 (]: On test.sdg_flashtalk_demo.unique_slv_base_doctors_doctor_id.233da7a616: /* {"app": "dbt", "dbt_version": "1.9.4", "profile_name": "sdg_flashtalk_demo", "target_name": "dev", "node_id": "test.sdg_flashtalk_demo.unique_slv_base_doctors_doctor_id.233da7a616"} */
select
      count(*) as failures,
      count(*) != 0 as should_warn,
      count(*) != 0 as should_error
    from (
      
    
    

select
    doctor_id as unique_field,
    count(*) as n_records

from SDG_FLASHTALK_SLV.BASE.slv_base_doctors
where doctor_id is not null
group by doctor_id
having count(*) > 1



      
    ) dbt_internal_test
[0m11:12:21.891645 [debug] [Thread-2 (]: On test.sdg_flashtalk_demo.accepted_values_slv_base_appointments_status__completed__cancelled__scheduled.c01541bf07: /* {"app": "dbt", "dbt_version": "1.9.4", "profile_name": "sdg_flashtalk_demo", "target_name": "dev", "node_id": "test.sdg_flashtalk_demo.accepted_values_slv_base_appointments_status__completed__cancelled__scheduled.c01541bf07"} */
select
      count(*) as failures,
      count(*) != 0 as should_warn,
      count(*) != 0 as should_error
    from (
      
    
    

with all_values as (

    select
        status as value_field,
        count(*) as n_records

    from SDG_FLASHTALK_SLV.BASE.slv_base_appointments
    group by status

)

select *
from all_values
where value_field not in (
    'completed','cancelled','scheduled'
)



      
    ) dbt_internal_test
[0m11:12:21.892153 [debug] [Thread-5 (]: Opening a new connection, currently in state init
[0m11:12:21.892620 [debug] [Thread-4 (]: On test.sdg_flashtalk_demo.not_null_slv_base_appointments_appointment_sk.8c27f3c08d: /* {"app": "dbt", "dbt_version": "1.9.4", "profile_name": "sdg_flashtalk_demo", "target_name": "dev", "node_id": "test.sdg_flashtalk_demo.not_null_slv_base_appointments_appointment_sk.8c27f3c08d"} */
select
      count(*) as failures,
      count(*) != 0 as should_warn,
      count(*) != 0 as should_error
    from (
      
    
    



select appointment_sk
from SDG_FLASHTALK_SLV.BASE.slv_base_appointments
where appointment_sk is null



      
    ) dbt_internal_test
[0m11:12:21.893071 [debug] [Thread-3 (]: Opening a new connection, currently in state init
[0m11:12:21.893532 [debug] [Thread-2 (]: Opening a new connection, currently in state init
[0m11:12:21.894222 [debug] [Thread-4 (]: Opening a new connection, currently in state init
[0m11:12:22.366616 [debug] [Thread-5 (]: SQL status: SUCCESS 1 in 0.474 seconds
[0m11:12:22.368980 [info ] [Thread-5 (]: 14 of 38 PASS not_null_slv_base_doctors_specialty .............................. [[32mPASS[0m in 0.61s]
[0m11:12:22.369764 [debug] [Thread-2 (]: SQL status: SUCCESS 1 in 0.476 seconds
[0m11:12:22.370540 [debug] [Thread-5 (]: Finished running node test.sdg_flashtalk_demo.not_null_slv_base_doctors_specialty.a453703c7f
[0m11:12:22.372454 [info ] [Thread-2 (]: 16 of 38 PASS accepted_values_slv_base_appointments_status__completed__cancelled__scheduled  [[32mPASS[0m in 0.61s]
[0m11:12:22.373189 [debug] [Thread-4 (]: SQL status: SUCCESS 1 in 0.479 seconds
[0m11:12:22.373796 [debug] [Thread-5 (]: Began running node test.sdg_flashtalk_demo.not_null_slv_base_appointments_doctor_id.2c2d4f12a3
[0m11:12:22.374632 [debug] [Thread-2 (]: Finished running node test.sdg_flashtalk_demo.accepted_values_slv_base_appointments_status__completed__cancelled__scheduled.c01541bf07
[0m11:12:22.376472 [info ] [Thread-4 (]: 17 of 38 PASS not_null_slv_base_appointments_appointment_sk .................... [[32mPASS[0m in 0.62s]
[0m11:12:22.377225 [debug] [Thread-3 (]: SQL status: SUCCESS 1 in 0.484 seconds
[0m11:12:22.377784 [info ] [Thread-5 (]: 18 of 38 START test not_null_slv_base_appointments_doctor_id ................... [RUN]
[0m11:12:22.378487 [debug] [Thread-2 (]: Began running node test.sdg_flashtalk_demo.not_null_slv_base_appointments_patient_id.3265c872c6
[0m11:12:22.379206 [debug] [Thread-4 (]: Finished running node test.sdg_flashtalk_demo.not_null_slv_base_appointments_appointment_sk.8c27f3c08d
[0m11:12:22.381005 [info ] [Thread-3 (]: 15 of 38 PASS unique_slv_base_doctors_doctor_id ................................ [[32mPASS[0m in 0.62s]
[0m11:12:22.381711 [debug] [Thread-5 (]: Re-using an available connection from the pool (formerly test.sdg_flashtalk_demo.not_null_slv_base_doctors_specialty.a453703c7f, now test.sdg_flashtalk_demo.not_null_slv_base_appointments_doctor_id.2c2d4f12a3)
[0m11:12:22.382343 [info ] [Thread-2 (]: 19 of 38 START test not_null_slv_base_appointments_patient_id .................. [RUN]
[0m11:12:22.382971 [debug] [Thread-4 (]: Began running node test.sdg_flashtalk_demo.unique_slv_base_appointments_appointment_sk.2cbc67735b
[0m11:12:22.383701 [debug] [Thread-3 (]: Finished running node test.sdg_flashtalk_demo.unique_slv_base_doctors_doctor_id.233da7a616
[0m11:12:22.384220 [debug] [Thread-5 (]: Began compiling node test.sdg_flashtalk_demo.not_null_slv_base_appointments_doctor_id.2c2d4f12a3
[0m11:12:22.384797 [debug] [Thread-2 (]: Re-using an available connection from the pool (formerly test.sdg_flashtalk_demo.accepted_values_slv_base_appointments_status__completed__cancelled__scheduled.c01541bf07, now test.sdg_flashtalk_demo.not_null_slv_base_appointments_patient_id.3265c872c6)
[0m11:12:22.385319 [info ] [Thread-4 (]: 20 of 38 START test unique_slv_base_appointments_appointment_sk ................ [RUN]
[0m11:12:22.386420 [debug] [Thread-3 (]: Began running node model.sdg_flashtalk_demo.slv_doctors
[0m11:12:22.392045 [debug] [Thread-5 (]: Writing injected SQL for node "test.sdg_flashtalk_demo.not_null_slv_base_appointments_doctor_id.2c2d4f12a3"
[0m11:12:22.392653 [debug] [Thread-2 (]: Began compiling node test.sdg_flashtalk_demo.not_null_slv_base_appointments_patient_id.3265c872c6
[0m11:12:22.393257 [debug] [Thread-4 (]: Re-using an available connection from the pool (formerly test.sdg_flashtalk_demo.not_null_slv_base_appointments_appointment_sk.8c27f3c08d, now test.sdg_flashtalk_demo.unique_slv_base_appointments_appointment_sk.2cbc67735b)
[0m11:12:22.393894 [info ] [Thread-3 (]: 21 of 38 START sql table model SDG_FLASHTALK_SLV.DOCTORS.slv_doctors ........... [RUN]
[0m11:12:22.399319 [debug] [Thread-2 (]: Writing injected SQL for node "test.sdg_flashtalk_demo.not_null_slv_base_appointments_patient_id.3265c872c6"
[0m11:12:22.399960 [debug] [Thread-5 (]: Began executing node test.sdg_flashtalk_demo.not_null_slv_base_appointments_doctor_id.2c2d4f12a3
[0m11:12:22.400464 [debug] [Thread-4 (]: Began compiling node test.sdg_flashtalk_demo.unique_slv_base_appointments_appointment_sk.2cbc67735b
[0m11:12:22.401061 [debug] [Thread-3 (]: Re-using an available connection from the pool (formerly test.sdg_flashtalk_demo.unique_slv_base_doctors_doctor_id.233da7a616, now model.sdg_flashtalk_demo.slv_doctors)
[0m11:12:22.405040 [debug] [Thread-5 (]: Writing runtime sql for node "test.sdg_flashtalk_demo.not_null_slv_base_appointments_doctor_id.2c2d4f12a3"
[0m11:12:22.405634 [debug] [Thread-2 (]: Began executing node test.sdg_flashtalk_demo.not_null_slv_base_appointments_patient_id.3265c872c6
[0m11:12:22.412541 [debug] [Thread-4 (]: Writing injected SQL for node "test.sdg_flashtalk_demo.unique_slv_base_appointments_appointment_sk.2cbc67735b"
[0m11:12:22.413156 [debug] [Thread-3 (]: Began compiling node model.sdg_flashtalk_demo.slv_doctors
[0m11:12:22.416929 [debug] [Thread-2 (]: Writing runtime sql for node "test.sdg_flashtalk_demo.not_null_slv_base_appointments_patient_id.3265c872c6"
[0m11:12:22.418008 [debug] [Thread-5 (]: Using snowflake connection "test.sdg_flashtalk_demo.not_null_slv_base_appointments_doctor_id.2c2d4f12a3"
[0m11:12:22.422749 [debug] [Thread-3 (]: Writing injected SQL for node "model.sdg_flashtalk_demo.slv_doctors"
[0m11:12:22.423297 [debug] [Thread-4 (]: Began executing node test.sdg_flashtalk_demo.unique_slv_base_appointments_appointment_sk.2cbc67735b
[0m11:12:22.424247 [debug] [Thread-5 (]: On test.sdg_flashtalk_demo.not_null_slv_base_appointments_doctor_id.2c2d4f12a3: /* {"app": "dbt", "dbt_version": "1.9.4", "profile_name": "sdg_flashtalk_demo", "target_name": "dev", "node_id": "test.sdg_flashtalk_demo.not_null_slv_base_appointments_doctor_id.2c2d4f12a3"} */
select
      count(*) as failures,
      count(*) != 0 as should_warn,
      count(*) != 0 as should_error
    from (
      
    
    



select doctor_id
from SDG_FLASHTALK_SLV.BASE.slv_base_appointments
where doctor_id is null



      
    ) dbt_internal_test
[0m11:12:22.425172 [debug] [Thread-2 (]: Using snowflake connection "test.sdg_flashtalk_demo.not_null_slv_base_appointments_patient_id.3265c872c6"
[0m11:12:22.429097 [debug] [Thread-4 (]: Writing runtime sql for node "test.sdg_flashtalk_demo.unique_slv_base_appointments_appointment_sk.2cbc67735b"
[0m11:12:22.429646 [debug] [Thread-3 (]: Began executing node model.sdg_flashtalk_demo.slv_doctors
[0m11:12:22.430300 [debug] [Thread-5 (]: Opening a new connection, currently in state init
[0m11:12:22.430852 [debug] [Thread-2 (]: On test.sdg_flashtalk_demo.not_null_slv_base_appointments_patient_id.3265c872c6: /* {"app": "dbt", "dbt_version": "1.9.4", "profile_name": "sdg_flashtalk_demo", "target_name": "dev", "node_id": "test.sdg_flashtalk_demo.not_null_slv_base_appointments_patient_id.3265c872c6"} */
select
      count(*) as failures,
      count(*) != 0 as should_warn,
      count(*) != 0 as should_error
    from (
      
    
    



select patient_id
from SDG_FLASHTALK_SLV.BASE.slv_base_appointments
where patient_id is null



      
    ) dbt_internal_test
[0m11:12:22.437401 [debug] [Thread-4 (]: Using snowflake connection "test.sdg_flashtalk_demo.unique_slv_base_appointments_appointment_sk.2cbc67735b"
[0m11:12:22.437881 [debug] [Thread-3 (]: Writing runtime sql for node "model.sdg_flashtalk_demo.slv_doctors"
[0m11:12:22.438661 [debug] [Thread-2 (]: Opening a new connection, currently in state init
[0m11:12:22.439251 [debug] [Thread-4 (]: On test.sdg_flashtalk_demo.unique_slv_base_appointments_appointment_sk.2cbc67735b: /* {"app": "dbt", "dbt_version": "1.9.4", "profile_name": "sdg_flashtalk_demo", "target_name": "dev", "node_id": "test.sdg_flashtalk_demo.unique_slv_base_appointments_appointment_sk.2cbc67735b"} */
select
      count(*) as failures,
      count(*) != 0 as should_warn,
      count(*) != 0 as should_error
    from (
      
    
    

select
    appointment_sk as unique_field,
    count(*) as n_records

from SDG_FLASHTALK_SLV.BASE.slv_base_appointments
where appointment_sk is not null
group by appointment_sk
having count(*) > 1



      
    ) dbt_internal_test
[0m11:12:22.440735 [debug] [Thread-3 (]: Using snowflake connection "model.sdg_flashtalk_demo.slv_doctors"
[0m11:12:22.441286 [debug] [Thread-4 (]: Opening a new connection, currently in state init
[0m11:12:22.441853 [debug] [Thread-3 (]: On model.sdg_flashtalk_demo.slv_doctors: /* {"app": "dbt", "dbt_version": "1.9.4", "profile_name": "sdg_flashtalk_demo", "target_name": "dev", "node_id": "model.sdg_flashtalk_demo.slv_doctors"} */
create or replace transient table SDG_FLASHTALK_SLV.DOCTORS.slv_doctors
         as
        (-- SILVER | Doctors — conformed provider dimension.
-- The business-facing definition of a provider. Downstream models join here,
-- not to the raw source.

SELECT
    doctor_id,
    doctor_name,
    specialty,
    department,
    hire_date,
    _loaded_at,
    _source,
    DATEDIFF('year', hire_date, CURRENT_DATE()) AS years_of_service
FROM SDG_FLASHTALK_SLV.BASE.slv_base_doctors
        );
[0m11:12:22.442615 [debug] [Thread-3 (]: Opening a new connection, currently in state init
[0m11:12:22.885345 [debug] [Thread-4 (]: SQL status: SUCCESS 1 in 0.444 seconds
[0m11:12:22.887588 [info ] [Thread-4 (]: 20 of 38 PASS unique_slv_base_appointments_appointment_sk ...................... [[32mPASS[0m in 0.49s]
[0m11:12:22.888317 [debug] [Thread-4 (]: Finished running node test.sdg_flashtalk_demo.unique_slv_base_appointments_appointment_sk.2cbc67735b
[0m11:12:22.916786 [debug] [Thread-2 (]: SQL status: SUCCESS 1 in 0.478 seconds
[0m11:12:22.917501 [debug] [Thread-5 (]: SQL status: SUCCESS 1 in 0.487 seconds
[0m11:12:22.919663 [info ] [Thread-2 (]: 19 of 38 PASS not_null_slv_base_appointments_patient_id ........................ [[32mPASS[0m in 0.53s]
[0m11:12:22.921566 [info ] [Thread-5 (]: 18 of 38 PASS not_null_slv_base_appointments_doctor_id ......................... [[32mPASS[0m in 0.54s]
[0m11:12:22.922396 [debug] [Thread-2 (]: Finished running node test.sdg_flashtalk_demo.not_null_slv_base_appointments_patient_id.3265c872c6
[0m11:12:22.923073 [debug] [Thread-5 (]: Finished running node test.sdg_flashtalk_demo.not_null_slv_base_appointments_doctor_id.2c2d4f12a3
[0m11:12:22.924060 [debug] [Thread-4 (]: Began running node model.sdg_flashtalk_demo.slv_appointments
[0m11:12:22.924813 [info ] [Thread-4 (]: 22 of 38 START sql table model SDG_FLASHTALK_SLV.APPOINTMENTS.slv_appointments . [RUN]
[0m11:12:22.925496 [debug] [Thread-4 (]: Re-using an available connection from the pool (formerly test.sdg_flashtalk_demo.unique_slv_base_appointments_appointment_sk.2cbc67735b, now model.sdg_flashtalk_demo.slv_appointments)
[0m11:12:22.926127 [debug] [Thread-4 (]: Began compiling node model.sdg_flashtalk_demo.slv_appointments
[0m11:12:22.930457 [debug] [Thread-4 (]: Writing injected SQL for node "model.sdg_flashtalk_demo.slv_appointments"
[0m11:12:22.931156 [debug] [Thread-4 (]: Began executing node model.sdg_flashtalk_demo.slv_appointments
[0m11:12:22.935042 [debug] [Thread-4 (]: Writing runtime sql for node "model.sdg_flashtalk_demo.slv_appointments"
[0m11:12:22.936195 [debug] [Thread-4 (]: Using snowflake connection "model.sdg_flashtalk_demo.slv_appointments"
[0m11:12:22.936714 [debug] [Thread-4 (]: On model.sdg_flashtalk_demo.slv_appointments: /* {"app": "dbt", "dbt_version": "1.9.4", "profile_name": "sdg_flashtalk_demo", "target_name": "dev", "node_id": "model.sdg_flashtalk_demo.slv_appointments"} */
create or replace transient table SDG_FLASHTALK_SLV.APPOINTMENTS.slv_appointments
         as
        (-- SILVER | Appointments — business-facing appointment fact.
-- Reads from slv_base which has already type-cast, cleaned, and keyed.

SELECT
    appointment_sk,
    patient_id,
    patient_name,
    doctor_id,
    appointment_date,
    status,
    notes,
    _loaded_at,
    _source
FROM SDG_FLASHTALK_SLV.BASE.slv_base_appointments
        );
[0m11:12:22.937181 [debug] [Thread-4 (]: Opening a new connection, currently in state init
[0m11:12:23.592922 [debug] [Thread-3 (]: SQL status: SUCCESS 1 in 1.150 seconds
[0m11:12:23.595614 [info ] [Thread-3 (]: 21 of 38 OK created sql table model SDG_FLASHTALK_SLV.DOCTORS.slv_doctors ...... [[32mSUCCESS 1[0m in 1.19s]
[0m11:12:23.596333 [debug] [Thread-3 (]: Finished running node model.sdg_flashtalk_demo.slv_doctors
[0m11:12:23.597412 [debug] [Thread-5 (]: Began running node test.sdg_flashtalk_demo.not_null_slv_doctors_doctor_id.e199340645
[0m11:12:23.597937 [debug] [Thread-2 (]: Began running node test.sdg_flashtalk_demo.not_null_slv_doctors_doctor_name.1e5fc2d09d
[0m11:12:23.598508 [debug] [Thread-3 (]: Began running node test.sdg_flashtalk_demo.unique_slv_doctors_doctor_id.4bc6b88ae3
[0m11:12:23.599034 [info ] [Thread-5 (]: 23 of 38 START test not_null_slv_doctors_doctor_id ............................. [RUN]
[0m11:12:23.599610 [info ] [Thread-2 (]: 24 of 38 START test not_null_slv_doctors_doctor_name ........................... [RUN]
[0m11:12:23.600139 [info ] [Thread-3 (]: 25 of 38 START test unique_slv_doctors_doctor_id ............................... [RUN]
[0m11:12:23.600765 [debug] [Thread-5 (]: Re-using an available connection from the pool (formerly test.sdg_flashtalk_demo.not_null_slv_base_appointments_doctor_id.2c2d4f12a3, now test.sdg_flashtalk_demo.not_null_slv_doctors_doctor_id.e199340645)
[0m11:12:23.601308 [debug] [Thread-2 (]: Re-using an available connection from the pool (formerly test.sdg_flashtalk_demo.not_null_slv_base_appointments_patient_id.3265c872c6, now test.sdg_flashtalk_demo.not_null_slv_doctors_doctor_name.1e5fc2d09d)
[0m11:12:23.601867 [debug] [Thread-3 (]: Re-using an available connection from the pool (formerly model.sdg_flashtalk_demo.slv_doctors, now test.sdg_flashtalk_demo.unique_slv_doctors_doctor_id.4bc6b88ae3)
[0m11:12:23.602441 [debug] [Thread-5 (]: Began compiling node test.sdg_flashtalk_demo.not_null_slv_doctors_doctor_id.e199340645
[0m11:12:23.602935 [debug] [Thread-2 (]: Began compiling node test.sdg_flashtalk_demo.not_null_slv_doctors_doctor_name.1e5fc2d09d
[0m11:12:23.603400 [debug] [Thread-3 (]: Began compiling node test.sdg_flashtalk_demo.unique_slv_doctors_doctor_id.4bc6b88ae3
[0m11:12:23.608948 [debug] [Thread-5 (]: Writing injected SQL for node "test.sdg_flashtalk_demo.not_null_slv_doctors_doctor_id.e199340645"
[0m11:12:23.615684 [debug] [Thread-2 (]: Writing injected SQL for node "test.sdg_flashtalk_demo.not_null_slv_doctors_doctor_name.1e5fc2d09d"
[0m11:12:23.620614 [debug] [Thread-3 (]: Writing injected SQL for node "test.sdg_flashtalk_demo.unique_slv_doctors_doctor_id.4bc6b88ae3"
[0m11:12:23.621678 [debug] [Thread-5 (]: Began executing node test.sdg_flashtalk_demo.not_null_slv_doctors_doctor_id.e199340645
[0m11:12:23.622563 [debug] [Thread-2 (]: Began executing node test.sdg_flashtalk_demo.not_null_slv_doctors_doctor_name.1e5fc2d09d
[0m11:12:23.626144 [debug] [Thread-5 (]: Writing runtime sql for node "test.sdg_flashtalk_demo.not_null_slv_doctors_doctor_id.e199340645"
[0m11:12:23.626736 [debug] [Thread-3 (]: Began executing node test.sdg_flashtalk_demo.unique_slv_doctors_doctor_id.4bc6b88ae3
[0m11:12:23.630308 [debug] [Thread-2 (]: Writing runtime sql for node "test.sdg_flashtalk_demo.not_null_slv_doctors_doctor_name.1e5fc2d09d"
[0m11:12:23.633902 [debug] [Thread-3 (]: Writing runtime sql for node "test.sdg_flashtalk_demo.unique_slv_doctors_doctor_id.4bc6b88ae3"
[0m11:12:23.634890 [debug] [Thread-5 (]: Using snowflake connection "test.sdg_flashtalk_demo.not_null_slv_doctors_doctor_id.e199340645"
[0m11:12:23.636136 [debug] [Thread-2 (]: Using snowflake connection "test.sdg_flashtalk_demo.not_null_slv_doctors_doctor_name.1e5fc2d09d"
[0m11:12:23.636874 [debug] [Thread-5 (]: On test.sdg_flashtalk_demo.not_null_slv_doctors_doctor_id.e199340645: /* {"app": "dbt", "dbt_version": "1.9.4", "profile_name": "sdg_flashtalk_demo", "target_name": "dev", "node_id": "test.sdg_flashtalk_demo.not_null_slv_doctors_doctor_id.e199340645"} */
select
      count(*) as failures,
      count(*) != 0 as should_warn,
      count(*) != 0 as should_error
    from (
      
    
    



select doctor_id
from SDG_FLASHTALK_SLV.DOCTORS.slv_doctors
where doctor_id is null



      
    ) dbt_internal_test
[0m11:12:23.637798 [debug] [Thread-3 (]: Using snowflake connection "test.sdg_flashtalk_demo.unique_slv_doctors_doctor_id.4bc6b88ae3"
[0m11:12:23.638405 [debug] [Thread-2 (]: On test.sdg_flashtalk_demo.not_null_slv_doctors_doctor_name.1e5fc2d09d: /* {"app": "dbt", "dbt_version": "1.9.4", "profile_name": "sdg_flashtalk_demo", "target_name": "dev", "node_id": "test.sdg_flashtalk_demo.not_null_slv_doctors_doctor_name.1e5fc2d09d"} */
select
      count(*) as failures,
      count(*) != 0 as should_warn,
      count(*) != 0 as should_error
    from (
      
    
    



select doctor_name
from SDG_FLASHTALK_SLV.DOCTORS.slv_doctors
where doctor_name is null



      
    ) dbt_internal_test
[0m11:12:23.638913 [debug] [Thread-5 (]: Opening a new connection, currently in state init
[0m11:12:23.639413 [debug] [Thread-3 (]: On test.sdg_flashtalk_demo.unique_slv_doctors_doctor_id.4bc6b88ae3: /* {"app": "dbt", "dbt_version": "1.9.4", "profile_name": "sdg_flashtalk_demo", "target_name": "dev", "node_id": "test.sdg_flashtalk_demo.unique_slv_doctors_doctor_id.4bc6b88ae3"} */
select
      count(*) as failures,
      count(*) != 0 as should_warn,
      count(*) != 0 as should_error
    from (
      
    
    

select
    doctor_id as unique_field,
    count(*) as n_records

from SDG_FLASHTALK_SLV.DOCTORS.slv_doctors
where doctor_id is not null
group by doctor_id
having count(*) > 1



      
    ) dbt_internal_test
[0m11:12:23.639914 [debug] [Thread-2 (]: Opening a new connection, currently in state init
[0m11:12:23.640508 [debug] [Thread-3 (]: Opening a new connection, currently in state init
[0m11:12:24.015322 [debug] [Thread-4 (]: SQL status: SUCCESS 1 in 1.078 seconds
[0m11:12:24.018044 [info ] [Thread-4 (]: 22 of 38 OK created sql table model SDG_FLASHTALK_SLV.APPOINTMENTS.slv_appointments  [[32mSUCCESS 1[0m in 1.09s]
[0m11:12:24.018807 [debug] [Thread-4 (]: Finished running node model.sdg_flashtalk_demo.slv_appointments
[0m11:12:24.019733 [debug] [Thread-4 (]: Began running node test.sdg_flashtalk_demo.accepted_values_slv_appointments_status__completed__cancelled__scheduled.aa0ea9000b
[0m11:12:24.020285 [info ] [Thread-4 (]: 26 of 38 START test accepted_values_slv_appointments_status__completed__cancelled__scheduled  [RUN]
[0m11:12:24.020897 [debug] [Thread-4 (]: Re-using an available connection from the pool (formerly model.sdg_flashtalk_demo.slv_appointments, now test.sdg_flashtalk_demo.accepted_values_slv_appointments_status__completed__cancelled__scheduled.aa0ea9000b)
[0m11:12:24.021401 [debug] [Thread-4 (]: Began compiling node test.sdg_flashtalk_demo.accepted_values_slv_appointments_status__completed__cancelled__scheduled.aa0ea9000b
[0m11:12:24.027093 [debug] [Thread-4 (]: Writing injected SQL for node "test.sdg_flashtalk_demo.accepted_values_slv_appointments_status__completed__cancelled__scheduled.aa0ea9000b"
[0m11:12:24.028325 [debug] [Thread-4 (]: Began executing node test.sdg_flashtalk_demo.accepted_values_slv_appointments_status__completed__cancelled__scheduled.aa0ea9000b
[0m11:12:24.031952 [debug] [Thread-4 (]: Writing runtime sql for node "test.sdg_flashtalk_demo.accepted_values_slv_appointments_status__completed__cancelled__scheduled.aa0ea9000b"
[0m11:12:24.033111 [debug] [Thread-4 (]: Using snowflake connection "test.sdg_flashtalk_demo.accepted_values_slv_appointments_status__completed__cancelled__scheduled.aa0ea9000b"
[0m11:12:24.033644 [debug] [Thread-4 (]: On test.sdg_flashtalk_demo.accepted_values_slv_appointments_status__completed__cancelled__scheduled.aa0ea9000b: /* {"app": "dbt", "dbt_version": "1.9.4", "profile_name": "sdg_flashtalk_demo", "target_name": "dev", "node_id": "test.sdg_flashtalk_demo.accepted_values_slv_appointments_status__completed__cancelled__scheduled.aa0ea9000b"} */
select
      count(*) as failures,
      count(*) != 0 as should_warn,
      count(*) != 0 as should_error
    from (
      
    
    

with all_values as (

    select
        status as value_field,
        count(*) as n_records

    from SDG_FLASHTALK_SLV.APPOINTMENTS.slv_appointments
    group by status

)

select *
from all_values
where value_field not in (
    'completed','cancelled','scheduled'
)



      
    ) dbt_internal_test
[0m11:12:24.034294 [debug] [Thread-4 (]: Opening a new connection, currently in state init
[0m11:12:24.191790 [debug] [Thread-2 (]: SQL status: SUCCESS 1 in 0.552 seconds
[0m11:12:24.194115 [info ] [Thread-2 (]: 24 of 38 PASS not_null_slv_doctors_doctor_name ................................. [[32mPASS[0m in 0.59s]
[0m11:12:24.194939 [debug] [Thread-5 (]: SQL status: SUCCESS 1 in 0.556 seconds
[0m11:12:24.195649 [debug] [Thread-2 (]: Finished running node test.sdg_flashtalk_demo.not_null_slv_doctors_doctor_name.1e5fc2d09d
[0m11:12:24.197485 [info ] [Thread-5 (]: 23 of 38 PASS not_null_slv_doctors_doctor_id ................................... [[32mPASS[0m in 0.60s]
[0m11:12:24.198227 [debug] [Thread-2 (]: Began running node test.sdg_flashtalk_demo.not_null_slv_appointments_appointment_sk.47a527c6ee
[0m11:12:24.198964 [debug] [Thread-5 (]: Finished running node test.sdg_flashtalk_demo.not_null_slv_doctors_doctor_id.e199340645
[0m11:12:24.199486 [info ] [Thread-2 (]: 27 of 38 START test not_null_slv_appointments_appointment_sk ................... [RUN]
[0m11:12:24.200085 [debug] [Thread-5 (]: Began running node test.sdg_flashtalk_demo.not_null_slv_appointments_doctor_id.8398970ba5
[0m11:12:24.200743 [debug] [Thread-2 (]: Re-using an available connection from the pool (formerly test.sdg_flashtalk_demo.not_null_slv_doctors_doctor_name.1e5fc2d09d, now test.sdg_flashtalk_demo.not_null_slv_appointments_appointment_sk.47a527c6ee)
[0m11:12:24.201276 [info ] [Thread-5 (]: 28 of 38 START test not_null_slv_appointments_doctor_id ........................ [RUN]
[0m11:12:24.201829 [debug] [Thread-2 (]: Began compiling node test.sdg_flashtalk_demo.not_null_slv_appointments_appointment_sk.47a527c6ee
[0m11:12:24.202446 [debug] [Thread-5 (]: Re-using an available connection from the pool (formerly test.sdg_flashtalk_demo.not_null_slv_doctors_doctor_id.e199340645, now test.sdg_flashtalk_demo.not_null_slv_appointments_doctor_id.8398970ba5)
[0m11:12:24.208436 [debug] [Thread-3 (]: SQL status: SUCCESS 1 in 0.568 seconds
[0m11:12:24.208770 [debug] [Thread-2 (]: Writing injected SQL for node "test.sdg_flashtalk_demo.not_null_slv_appointments_appointment_sk.47a527c6ee"
[0m11:12:24.209339 [debug] [Thread-5 (]: Began compiling node test.sdg_flashtalk_demo.not_null_slv_appointments_doctor_id.8398970ba5
[0m11:12:24.211306 [info ] [Thread-3 (]: 25 of 38 PASS unique_slv_doctors_doctor_id ..................................... [[32mPASS[0m in 0.61s]
[0m11:12:24.216469 [debug] [Thread-5 (]: Writing injected SQL for node "test.sdg_flashtalk_demo.not_null_slv_appointments_doctor_id.8398970ba5"
[0m11:12:24.217168 [debug] [Thread-2 (]: Began executing node test.sdg_flashtalk_demo.not_null_slv_appointments_appointment_sk.47a527c6ee
[0m11:12:24.217852 [debug] [Thread-3 (]: Finished running node test.sdg_flashtalk_demo.unique_slv_doctors_doctor_id.4bc6b88ae3
[0m11:12:24.223546 [debug] [Thread-2 (]: Writing runtime sql for node "test.sdg_flashtalk_demo.not_null_slv_appointments_appointment_sk.47a527c6ee"
[0m11:12:24.224096 [debug] [Thread-5 (]: Began executing node test.sdg_flashtalk_demo.not_null_slv_appointments_doctor_id.8398970ba5
[0m11:12:24.224753 [debug] [Thread-3 (]: Began running node test.sdg_flashtalk_demo.not_null_slv_appointments_patient_id.bf9bf248fb
[0m11:12:24.228488 [debug] [Thread-5 (]: Writing runtime sql for node "test.sdg_flashtalk_demo.not_null_slv_appointments_doctor_id.8398970ba5"
[0m11:12:24.229410 [debug] [Thread-2 (]: Using snowflake connection "test.sdg_flashtalk_demo.not_null_slv_appointments_appointment_sk.47a527c6ee"
[0m11:12:24.230026 [info ] [Thread-3 (]: 29 of 38 START test not_null_slv_appointments_patient_id ....................... [RUN]
[0m11:12:24.231158 [debug] [Thread-2 (]: On test.sdg_flashtalk_demo.not_null_slv_appointments_appointment_sk.47a527c6ee: /* {"app": "dbt", "dbt_version": "1.9.4", "profile_name": "sdg_flashtalk_demo", "target_name": "dev", "node_id": "test.sdg_flashtalk_demo.not_null_slv_appointments_appointment_sk.47a527c6ee"} */
select
      count(*) as failures,
      count(*) != 0 as should_warn,
      count(*) != 0 as should_error
    from (
      
    
    



select appointment_sk
from SDG_FLASHTALK_SLV.APPOINTMENTS.slv_appointments
where appointment_sk is null



      
    ) dbt_internal_test
[0m11:12:24.232078 [debug] [Thread-5 (]: Using snowflake connection "test.sdg_flashtalk_demo.not_null_slv_appointments_doctor_id.8398970ba5"
[0m11:12:24.232715 [debug] [Thread-3 (]: Re-using an available connection from the pool (formerly test.sdg_flashtalk_demo.unique_slv_doctors_doctor_id.4bc6b88ae3, now test.sdg_flashtalk_demo.not_null_slv_appointments_patient_id.bf9bf248fb)
[0m11:12:24.233244 [debug] [Thread-2 (]: Opening a new connection, currently in state init
[0m11:12:24.233847 [debug] [Thread-5 (]: On test.sdg_flashtalk_demo.not_null_slv_appointments_doctor_id.8398970ba5: /* {"app": "dbt", "dbt_version": "1.9.4", "profile_name": "sdg_flashtalk_demo", "target_name": "dev", "node_id": "test.sdg_flashtalk_demo.not_null_slv_appointments_doctor_id.8398970ba5"} */
select
      count(*) as failures,
      count(*) != 0 as should_warn,
      count(*) != 0 as should_error
    from (
      
    
    



select doctor_id
from SDG_FLASHTALK_SLV.APPOINTMENTS.slv_appointments
where doctor_id is null



      
    ) dbt_internal_test
[0m11:12:24.235068 [debug] [Thread-3 (]: Began compiling node test.sdg_flashtalk_demo.not_null_slv_appointments_patient_id.bf9bf248fb
[0m11:12:24.235724 [debug] [Thread-5 (]: Opening a new connection, currently in state init
[0m11:12:24.241126 [debug] [Thread-3 (]: Writing injected SQL for node "test.sdg_flashtalk_demo.not_null_slv_appointments_patient_id.bf9bf248fb"
[0m11:12:24.242177 [debug] [Thread-3 (]: Began executing node test.sdg_flashtalk_demo.not_null_slv_appointments_patient_id.bf9bf248fb
[0m11:12:24.245501 [debug] [Thread-3 (]: Writing runtime sql for node "test.sdg_flashtalk_demo.not_null_slv_appointments_patient_id.bf9bf248fb"
[0m11:12:24.246615 [debug] [Thread-3 (]: Using snowflake connection "test.sdg_flashtalk_demo.not_null_slv_appointments_patient_id.bf9bf248fb"
[0m11:12:24.247200 [debug] [Thread-3 (]: On test.sdg_flashtalk_demo.not_null_slv_appointments_patient_id.bf9bf248fb: /* {"app": "dbt", "dbt_version": "1.9.4", "profile_name": "sdg_flashtalk_demo", "target_name": "dev", "node_id": "test.sdg_flashtalk_demo.not_null_slv_appointments_patient_id.bf9bf248fb"} */
select
      count(*) as failures,
      count(*) != 0 as should_warn,
      count(*) != 0 as should_error
    from (
      
    
    



select patient_id
from SDG_FLASHTALK_SLV.APPOINTMENTS.slv_appointments
where patient_id is null



      
    ) dbt_internal_test
[0m11:12:24.247776 [debug] [Thread-3 (]: Opening a new connection, currently in state init
[0m11:12:24.476657 [debug] [Thread-4 (]: SQL status: SUCCESS 1 in 0.442 seconds
[0m11:12:24.478910 [info ] [Thread-4 (]: 26 of 38 PASS accepted_values_slv_appointments_status__completed__cancelled__scheduled  [[32mPASS[0m in 0.46s]
[0m11:12:24.479622 [debug] [Thread-4 (]: Finished running node test.sdg_flashtalk_demo.accepted_values_slv_appointments_status__completed__cancelled__scheduled.aa0ea9000b
[0m11:12:24.480187 [debug] [Thread-4 (]: Began running node test.sdg_flashtalk_demo.relationships_slv_appointments_doctor_id__doctor_id__ref_slv_doctors_.39dcd681c1
[0m11:12:24.480776 [info ] [Thread-4 (]: 30 of 38 START test relationships_slv_appointments_doctor_id__doctor_id__ref_slv_doctors_  [RUN]
[0m11:12:24.481377 [debug] [Thread-4 (]: Re-using an available connection from the pool (formerly test.sdg_flashtalk_demo.accepted_values_slv_appointments_status__completed__cancelled__scheduled.aa0ea9000b, now test.sdg_flashtalk_demo.relationships_slv_appointments_doctor_id__doctor_id__ref_slv_doctors_.39dcd681c1)
[0m11:12:24.481869 [debug] [Thread-4 (]: Began compiling node test.sdg_flashtalk_demo.relationships_slv_appointments_doctor_id__doctor_id__ref_slv_doctors_.39dcd681c1
[0m11:12:24.489466 [debug] [Thread-4 (]: Writing injected SQL for node "test.sdg_flashtalk_demo.relationships_slv_appointments_doctor_id__doctor_id__ref_slv_doctors_.39dcd681c1"
[0m11:12:24.490218 [debug] [Thread-4 (]: Began executing node test.sdg_flashtalk_demo.relationships_slv_appointments_doctor_id__doctor_id__ref_slv_doctors_.39dcd681c1
[0m11:12:24.493717 [debug] [Thread-4 (]: Writing runtime sql for node "test.sdg_flashtalk_demo.relationships_slv_appointments_doctor_id__doctor_id__ref_slv_doctors_.39dcd681c1"
[0m11:12:24.495100 [debug] [Thread-4 (]: Using snowflake connection "test.sdg_flashtalk_demo.relationships_slv_appointments_doctor_id__doctor_id__ref_slv_doctors_.39dcd681c1"
[0m11:12:24.495622 [debug] [Thread-4 (]: On test.sdg_flashtalk_demo.relationships_slv_appointments_doctor_id__doctor_id__ref_slv_doctors_.39dcd681c1: /* {"app": "dbt", "dbt_version": "1.9.4", "profile_name": "sdg_flashtalk_demo", "target_name": "dev", "node_id": "test.sdg_flashtalk_demo.relationships_slv_appointments_doctor_id__doctor_id__ref_slv_doctors_.39dcd681c1"} */
select
      count(*) as failures,
      count(*) != 0 as should_warn,
      count(*) != 0 as should_error
    from (
      
    
    

with child as (
    select doctor_id as from_field
    from SDG_FLASHTALK_SLV.APPOINTMENTS.slv_appointments
    where doctor_id is not null
),

parent as (
    select doctor_id as to_field
    from SDG_FLASHTALK_SLV.DOCTORS.slv_doctors
)

select
    from_field

from child
left join parent
    on child.from_field = parent.to_field

where parent.to_field is null



      
    ) dbt_internal_test
[0m11:12:24.496098 [debug] [Thread-4 (]: Opening a new connection, currently in state init
[0m11:12:24.741697 [debug] [Thread-3 (]: SQL status: SUCCESS 1 in 0.494 seconds
[0m11:12:24.742530 [debug] [Thread-5 (]: SQL status: SUCCESS 1 in 0.507 seconds
[0m11:12:24.743224 [debug] [Thread-2 (]: SQL status: SUCCESS 1 in 0.510 seconds
[0m11:12:24.745410 [info ] [Thread-3 (]: 29 of 38 PASS not_null_slv_appointments_patient_id ............................. [[32mPASS[0m in 0.51s]
[0m11:12:24.747420 [info ] [Thread-5 (]: 28 of 38 PASS not_null_slv_appointments_doctor_id .............................. [[32mPASS[0m in 0.54s]
[0m11:12:24.749213 [info ] [Thread-2 (]: 27 of 38 PASS not_null_slv_appointments_appointment_sk ......................... [[32mPASS[0m in 0.55s]
[0m11:12:24.749940 [debug] [Thread-3 (]: Finished running node test.sdg_flashtalk_demo.not_null_slv_appointments_patient_id.bf9bf248fb
[0m11:12:24.750683 [debug] [Thread-5 (]: Finished running node test.sdg_flashtalk_demo.not_null_slv_appointments_doctor_id.8398970ba5
[0m11:12:24.751310 [debug] [Thread-2 (]: Finished running node test.sdg_flashtalk_demo.not_null_slv_appointments_appointment_sk.47a527c6ee
[0m11:12:24.751890 [debug] [Thread-3 (]: Began running node test.sdg_flashtalk_demo.unique_slv_appointments_appointment_sk.df7efeabff
[0m11:12:24.752969 [info ] [Thread-3 (]: 31 of 38 START test unique_slv_appointments_appointment_sk ..................... [RUN]
[0m11:12:24.753639 [debug] [Thread-3 (]: Re-using an available connection from the pool (formerly test.sdg_flashtalk_demo.not_null_slv_appointments_patient_id.bf9bf248fb, now test.sdg_flashtalk_demo.unique_slv_appointments_appointment_sk.df7efeabff)
[0m11:12:24.754224 [debug] [Thread-3 (]: Began compiling node test.sdg_flashtalk_demo.unique_slv_appointments_appointment_sk.df7efeabff
[0m11:12:24.759768 [debug] [Thread-3 (]: Writing injected SQL for node "test.sdg_flashtalk_demo.unique_slv_appointments_appointment_sk.df7efeabff"
[0m11:12:24.760491 [debug] [Thread-3 (]: Began executing node test.sdg_flashtalk_demo.unique_slv_appointments_appointment_sk.df7efeabff
[0m11:12:24.764042 [debug] [Thread-3 (]: Writing runtime sql for node "test.sdg_flashtalk_demo.unique_slv_appointments_appointment_sk.df7efeabff"
[0m11:12:24.765219 [debug] [Thread-3 (]: Using snowflake connection "test.sdg_flashtalk_demo.unique_slv_appointments_appointment_sk.df7efeabff"
[0m11:12:24.765762 [debug] [Thread-3 (]: On test.sdg_flashtalk_demo.unique_slv_appointments_appointment_sk.df7efeabff: /* {"app": "dbt", "dbt_version": "1.9.4", "profile_name": "sdg_flashtalk_demo", "target_name": "dev", "node_id": "test.sdg_flashtalk_demo.unique_slv_appointments_appointment_sk.df7efeabff"} */
select
      count(*) as failures,
      count(*) != 0 as should_warn,
      count(*) != 0 as should_error
    from (
      
    
    

select
    appointment_sk as unique_field,
    count(*) as n_records

from SDG_FLASHTALK_SLV.APPOINTMENTS.slv_appointments
where appointment_sk is not null
group by appointment_sk
having count(*) > 1



      
    ) dbt_internal_test
[0m11:12:24.766316 [debug] [Thread-3 (]: Opening a new connection, currently in state init
[0m11:12:25.114960 [debug] [Thread-4 (]: SQL status: SUCCESS 1 in 0.619 seconds
[0m11:12:25.117205 [info ] [Thread-4 (]: 30 of 38 PASS relationships_slv_appointments_doctor_id__doctor_id__ref_slv_doctors_  [[32mPASS[0m in 0.64s]
[0m11:12:25.118045 [debug] [Thread-4 (]: Finished running node test.sdg_flashtalk_demo.relationships_slv_appointments_doctor_id__doctor_id__ref_slv_doctors_.39dcd681c1
[0m11:12:25.155764 [debug] [Thread-3 (]: SQL status: SUCCESS 1 in 0.389 seconds
[0m11:12:25.157723 [info ] [Thread-3 (]: 31 of 38 PASS unique_slv_appointments_appointment_sk ........................... [[32mPASS[0m in 0.40s]
[0m11:12:25.158489 [debug] [Thread-3 (]: Finished running node test.sdg_flashtalk_demo.unique_slv_appointments_appointment_sk.df7efeabff
[0m11:12:25.159679 [debug] [Thread-5 (]: Began running node model.sdg_flashtalk_demo.gld_doctor_metrics
[0m11:12:25.160598 [info ] [Thread-5 (]: 32 of 38 START sql table model SDG_FLASHTALK_GLD.ANALYTICS.gld_doctor_metrics .. [RUN]
[0m11:12:25.161228 [debug] [Thread-5 (]: Re-using an available connection from the pool (formerly test.sdg_flashtalk_demo.not_null_slv_appointments_doctor_id.8398970ba5, now model.sdg_flashtalk_demo.gld_doctor_metrics)
[0m11:12:25.161748 [debug] [Thread-5 (]: Began compiling node model.sdg_flashtalk_demo.gld_doctor_metrics
[0m11:12:25.166617 [debug] [Thread-5 (]: Writing injected SQL for node "model.sdg_flashtalk_demo.gld_doctor_metrics"
[0m11:12:25.167309 [debug] [Thread-5 (]: Began executing node model.sdg_flashtalk_demo.gld_doctor_metrics
[0m11:12:25.172818 [debug] [Thread-5 (]: Writing runtime sql for node "model.sdg_flashtalk_demo.gld_doctor_metrics"
[0m11:12:25.174861 [debug] [Thread-5 (]: Using snowflake connection "model.sdg_flashtalk_demo.gld_doctor_metrics"
[0m11:12:25.175463 [debug] [Thread-5 (]: On model.sdg_flashtalk_demo.gld_doctor_metrics: /* {"app": "dbt", "dbt_version": "1.9.4", "profile_name": "sdg_flashtalk_demo", "target_name": "dev", "node_id": "model.sdg_flashtalk_demo.gld_doctor_metrics"} */
create or replace transient table SDG_FLASHTALK_GLD.ANALYTICS.gld_doctor_metrics
         as
        (-- GOLD | Analytics — one row per provider. Consumption-ready aggregate that
-- backs the semantic view and the Cortex agent.

WITH appointments AS (
    SELECT * FROM SDG_FLASHTALK_SLV.APPOINTMENTS.slv_appointments
),

doctors AS (
    SELECT * FROM SDG_FLASHTALK_SLV.DOCTORS.slv_doctors
)

SELECT
    a.doctor_id,
    d.doctor_name,
    d.specialty,
    d.department,
    COUNT(*)                                                            AS total_appointments,
    SUM(CASE WHEN a.status = 'completed' THEN 1 ELSE 0 END)             AS completed,
    SUM(CASE WHEN a.status = 'cancelled' THEN 1 ELSE 0 END)             AS cancelled,
    SUM(CASE WHEN a.status = 'scheduled' THEN 1 ELSE 0 END)             AS scheduled,
    ROUND(SUM(CASE WHEN a.status = 'completed' THEN 1 ELSE 0 END)
          / NULLIF(COUNT(*), 0) * 100, 1)                               AS completion_rate_pct,
    ROUND(SUM(CASE WHEN a.status = 'cancelled' THEN 1 ELSE 0 END)
          / NULLIF(COUNT(*), 0) * 100, 1)                               AS cancellation_rate_pct,
    COUNT(DISTINCT a.appointment_date)                                   AS active_days,
    ROUND(COUNT(*) / NULLIF(COUNT(DISTINCT a.appointment_date), 0), 1)   AS avg_appointments_per_day
FROM appointments a
JOIN doctors d ON a.doctor_id = d.doctor_id
GROUP BY a.doctor_id, d.doctor_name, d.specialty, d.department
        );
[0m11:12:25.175993 [debug] [Thread-5 (]: Opening a new connection, currently in state init
[0m11:12:26.362085 [debug] [Thread-5 (]: SQL status: SUCCESS 1 in 1.186 seconds
[0m11:12:26.364672 [info ] [Thread-5 (]: 32 of 38 OK created sql table model SDG_FLASHTALK_GLD.ANALYTICS.gld_doctor_metrics  [[32mSUCCESS 1[0m in 1.20s]
[0m11:12:26.365391 [debug] [Thread-5 (]: Finished running node model.sdg_flashtalk_demo.gld_doctor_metrics
[0m11:12:26.366598 [debug] [Thread-4 (]: Began running node test.sdg_flashtalk_demo.not_null_gld_doctor_metrics_completion_rate_pct.a7c940652f
[0m11:12:26.367167 [debug] [Thread-3 (]: Began running node test.sdg_flashtalk_demo.not_null_gld_doctor_metrics_doctor_id.74244842e6
[0m11:12:26.367792 [debug] [Thread-2 (]: Began running node test.sdg_flashtalk_demo.not_null_gld_doctor_metrics_doctor_name.71fbf5303f
[0m11:12:26.368323 [debug] [Thread-5 (]: Began running node test.sdg_flashtalk_demo.not_null_gld_doctor_metrics_total_appointments.149fc5af7d
[0m11:12:26.368911 [info ] [Thread-4 (]: 33 of 38 START test not_null_gld_doctor_metrics_completion_rate_pct ............ [RUN]
[0m11:12:26.369498 [info ] [Thread-3 (]: 34 of 38 START test not_null_gld_doctor_metrics_doctor_id ...................... [RUN]
[0m11:12:26.370138 [info ] [Thread-2 (]: 35 of 38 START test not_null_gld_doctor_metrics_doctor_name .................... [RUN]
[0m11:12:26.370706 [info ] [Thread-5 (]: 36 of 38 START test not_null_gld_doctor_metrics_total_appointments ............. [RUN]
[0m11:12:26.371355 [debug] [Thread-4 (]: Re-using an available connection from the pool (formerly test.sdg_flashtalk_demo.relationships_slv_appointments_doctor_id__doctor_id__ref_slv_doctors_.39dcd681c1, now test.sdg_flashtalk_demo.not_null_gld_doctor_metrics_completion_rate_pct.a7c940652f)
[0m11:12:26.371931 [debug] [Thread-3 (]: Re-using an available connection from the pool (formerly test.sdg_flashtalk_demo.unique_slv_appointments_appointment_sk.df7efeabff, now test.sdg_flashtalk_demo.not_null_gld_doctor_metrics_doctor_id.74244842e6)
[0m11:12:26.372448 [debug] [Thread-2 (]: Re-using an available connection from the pool (formerly test.sdg_flashtalk_demo.not_null_slv_appointments_appointment_sk.47a527c6ee, now test.sdg_flashtalk_demo.not_null_gld_doctor_metrics_doctor_name.71fbf5303f)
[0m11:12:26.372999 [debug] [Thread-5 (]: Re-using an available connection from the pool (formerly model.sdg_flashtalk_demo.gld_doctor_metrics, now test.sdg_flashtalk_demo.not_null_gld_doctor_metrics_total_appointments.149fc5af7d)
[0m11:12:26.373526 [debug] [Thread-4 (]: Began compiling node test.sdg_flashtalk_demo.not_null_gld_doctor_metrics_completion_rate_pct.a7c940652f
[0m11:12:26.374105 [debug] [Thread-3 (]: Began compiling node test.sdg_flashtalk_demo.not_null_gld_doctor_metrics_doctor_id.74244842e6
[0m11:12:26.374616 [debug] [Thread-2 (]: Began compiling node test.sdg_flashtalk_demo.not_null_gld_doctor_metrics_doctor_name.71fbf5303f
[0m11:12:26.375133 [debug] [Thread-5 (]: Began compiling node test.sdg_flashtalk_demo.not_null_gld_doctor_metrics_total_appointments.149fc5af7d
[0m11:12:26.380588 [debug] [Thread-4 (]: Writing injected SQL for node "test.sdg_flashtalk_demo.not_null_gld_doctor_metrics_completion_rate_pct.a7c940652f"
[0m11:12:26.385356 [debug] [Thread-3 (]: Writing injected SQL for node "test.sdg_flashtalk_demo.not_null_gld_doctor_metrics_doctor_id.74244842e6"
[0m11:12:26.390310 [debug] [Thread-2 (]: Writing injected SQL for node "test.sdg_flashtalk_demo.not_null_gld_doctor_metrics_doctor_name.71fbf5303f"
[0m11:12:26.396480 [debug] [Thread-5 (]: Writing injected SQL for node "test.sdg_flashtalk_demo.not_null_gld_doctor_metrics_total_appointments.149fc5af7d"
[0m11:12:26.397414 [debug] [Thread-4 (]: Began executing node test.sdg_flashtalk_demo.not_null_gld_doctor_metrics_completion_rate_pct.a7c940652f
[0m11:12:26.398310 [debug] [Thread-3 (]: Began executing node test.sdg_flashtalk_demo.not_null_gld_doctor_metrics_doctor_id.74244842e6
[0m11:12:26.399108 [debug] [Thread-2 (]: Began executing node test.sdg_flashtalk_demo.not_null_gld_doctor_metrics_doctor_name.71fbf5303f
[0m11:12:26.402765 [debug] [Thread-4 (]: Writing runtime sql for node "test.sdg_flashtalk_demo.not_null_gld_doctor_metrics_completion_rate_pct.a7c940652f"
[0m11:12:26.403314 [debug] [Thread-5 (]: Began executing node test.sdg_flashtalk_demo.not_null_gld_doctor_metrics_total_appointments.149fc5af7d
[0m11:12:26.406550 [debug] [Thread-3 (]: Writing runtime sql for node "test.sdg_flashtalk_demo.not_null_gld_doctor_metrics_doctor_id.74244842e6"
[0m11:12:26.410057 [debug] [Thread-2 (]: Writing runtime sql for node "test.sdg_flashtalk_demo.not_null_gld_doctor_metrics_doctor_name.71fbf5303f"
[0m11:12:26.413584 [debug] [Thread-5 (]: Writing runtime sql for node "test.sdg_flashtalk_demo.not_null_gld_doctor_metrics_total_appointments.149fc5af7d"
[0m11:12:26.414557 [debug] [Thread-4 (]: Using snowflake connection "test.sdg_flashtalk_demo.not_null_gld_doctor_metrics_completion_rate_pct.a7c940652f"
[0m11:12:26.415791 [debug] [Thread-3 (]: Using snowflake connection "test.sdg_flashtalk_demo.not_null_gld_doctor_metrics_doctor_id.74244842e6"
[0m11:12:26.416839 [debug] [Thread-2 (]: Using snowflake connection "test.sdg_flashtalk_demo.not_null_gld_doctor_metrics_doctor_name.71fbf5303f"
[0m11:12:26.417559 [debug] [Thread-4 (]: On test.sdg_flashtalk_demo.not_null_gld_doctor_metrics_completion_rate_pct.a7c940652f: /* {"app": "dbt", "dbt_version": "1.9.4", "profile_name": "sdg_flashtalk_demo", "target_name": "dev", "node_id": "test.sdg_flashtalk_demo.not_null_gld_doctor_metrics_completion_rate_pct.a7c940652f"} */
select
      count(*) as failures,
      count(*) != 0 as should_warn,
      count(*) != 0 as should_error
    from (
      
    
    



select completion_rate_pct
from SDG_FLASHTALK_GLD.ANALYTICS.gld_doctor_metrics
where completion_rate_pct is null



      
    ) dbt_internal_test
[0m11:12:26.418530 [debug] [Thread-5 (]: Using snowflake connection "test.sdg_flashtalk_demo.not_null_gld_doctor_metrics_total_appointments.149fc5af7d"
[0m11:12:26.419050 [debug] [Thread-3 (]: On test.sdg_flashtalk_demo.not_null_gld_doctor_metrics_doctor_id.74244842e6: /* {"app": "dbt", "dbt_version": "1.9.4", "profile_name": "sdg_flashtalk_demo", "target_name": "dev", "node_id": "test.sdg_flashtalk_demo.not_null_gld_doctor_metrics_doctor_id.74244842e6"} */
select
      count(*) as failures,
      count(*) != 0 as should_warn,
      count(*) != 0 as should_error
    from (
      
    
    



select doctor_id
from SDG_FLASHTALK_GLD.ANALYTICS.gld_doctor_metrics
where doctor_id is null



      
    ) dbt_internal_test
[0m11:12:26.419606 [debug] [Thread-2 (]: On test.sdg_flashtalk_demo.not_null_gld_doctor_metrics_doctor_name.71fbf5303f: /* {"app": "dbt", "dbt_version": "1.9.4", "profile_name": "sdg_flashtalk_demo", "target_name": "dev", "node_id": "test.sdg_flashtalk_demo.not_null_gld_doctor_metrics_doctor_name.71fbf5303f"} */
select
      count(*) as failures,
      count(*) != 0 as should_warn,
      count(*) != 0 as should_error
    from (
      
    
    



select doctor_name
from SDG_FLASHTALK_GLD.ANALYTICS.gld_doctor_metrics
where doctor_name is null



      
    ) dbt_internal_test
[0m11:12:26.420125 [debug] [Thread-4 (]: Opening a new connection, currently in state init
[0m11:12:26.420616 [debug] [Thread-5 (]: On test.sdg_flashtalk_demo.not_null_gld_doctor_metrics_total_appointments.149fc5af7d: /* {"app": "dbt", "dbt_version": "1.9.4", "profile_name": "sdg_flashtalk_demo", "target_name": "dev", "node_id": "test.sdg_flashtalk_demo.not_null_gld_doctor_metrics_total_appointments.149fc5af7d"} */
select
      count(*) as failures,
      count(*) != 0 as should_warn,
      count(*) != 0 as should_error
    from (
      
    
    



select total_appointments
from SDG_FLASHTALK_GLD.ANALYTICS.gld_doctor_metrics
where total_appointments is null



      
    ) dbt_internal_test
[0m11:12:26.421087 [debug] [Thread-3 (]: Opening a new connection, currently in state init
[0m11:12:26.421544 [debug] [Thread-2 (]: Opening a new connection, currently in state init
[0m11:12:26.422274 [debug] [Thread-5 (]: Opening a new connection, currently in state init
[0m11:12:26.894509 [debug] [Thread-4 (]: SQL status: SUCCESS 1 in 0.474 seconds
[0m11:12:26.895252 [debug] [Thread-3 (]: SQL status: SUCCESS 1 in 0.474 seconds
[0m11:12:26.895925 [debug] [Thread-2 (]: SQL status: SUCCESS 1 in 0.474 seconds
[0m11:12:26.896593 [debug] [Thread-5 (]: SQL status: SUCCESS 1 in 0.474 seconds
[0m11:12:26.898827 [info ] [Thread-4 (]: 33 of 38 PASS not_null_gld_doctor_metrics_completion_rate_pct .................. [[32mPASS[0m in 0.53s]
[0m11:12:26.900684 [info ] [Thread-3 (]: 34 of 38 PASS not_null_gld_doctor_metrics_doctor_id ............................ [[32mPASS[0m in 0.53s]
[0m11:12:26.902595 [info ] [Thread-2 (]: 35 of 38 PASS not_null_gld_doctor_metrics_doctor_name .......................... [[32mPASS[0m in 0.53s]
[0m11:12:26.904407 [info ] [Thread-5 (]: 36 of 38 PASS not_null_gld_doctor_metrics_total_appointments ................... [[32mPASS[0m in 0.53s]
[0m11:12:26.905148 [debug] [Thread-4 (]: Finished running node test.sdg_flashtalk_demo.not_null_gld_doctor_metrics_completion_rate_pct.a7c940652f
[0m11:12:26.905837 [debug] [Thread-3 (]: Finished running node test.sdg_flashtalk_demo.not_null_gld_doctor_metrics_doctor_id.74244842e6
[0m11:12:26.906570 [debug] [Thread-2 (]: Finished running node test.sdg_flashtalk_demo.not_null_gld_doctor_metrics_doctor_name.71fbf5303f
[0m11:12:26.907257 [debug] [Thread-5 (]: Finished running node test.sdg_flashtalk_demo.not_null_gld_doctor_metrics_total_appointments.149fc5af7d
[0m11:12:26.907826 [debug] [Thread-4 (]: Began running node test.sdg_flashtalk_demo.unique_gld_doctor_metrics_doctor_id.2c35446264
[0m11:12:26.908524 [debug] [Thread-3 (]: Began running node test.sdg_flashtalk_demo.unique_gld_doctor_metrics_doctor_name.df49515ccb
[0m11:12:26.909634 [info ] [Thread-4 (]: 37 of 38 START test unique_gld_doctor_metrics_doctor_id ........................ [RUN]
[0m11:12:26.910339 [info ] [Thread-3 (]: 38 of 38 START test unique_gld_doctor_metrics_doctor_name ...................... [RUN]
[0m11:12:26.910989 [debug] [Thread-4 (]: Re-using an available connection from the pool (formerly test.sdg_flashtalk_demo.not_null_gld_doctor_metrics_completion_rate_pct.a7c940652f, now test.sdg_flashtalk_demo.unique_gld_doctor_metrics_doctor_id.2c35446264)
[0m11:12:26.911539 [debug] [Thread-3 (]: Re-using an available connection from the pool (formerly test.sdg_flashtalk_demo.not_null_gld_doctor_metrics_doctor_id.74244842e6, now test.sdg_flashtalk_demo.unique_gld_doctor_metrics_doctor_name.df49515ccb)
[0m11:12:26.912042 [debug] [Thread-4 (]: Began compiling node test.sdg_flashtalk_demo.unique_gld_doctor_metrics_doctor_id.2c35446264
[0m11:12:26.912550 [debug] [Thread-3 (]: Began compiling node test.sdg_flashtalk_demo.unique_gld_doctor_metrics_doctor_name.df49515ccb
[0m11:12:26.918200 [debug] [Thread-4 (]: Writing injected SQL for node "test.sdg_flashtalk_demo.unique_gld_doctor_metrics_doctor_id.2c35446264"
[0m11:12:26.923154 [debug] [Thread-3 (]: Writing injected SQL for node "test.sdg_flashtalk_demo.unique_gld_doctor_metrics_doctor_name.df49515ccb"
[0m11:12:26.924129 [debug] [Thread-4 (]: Began executing node test.sdg_flashtalk_demo.unique_gld_doctor_metrics_doctor_id.2c35446264
[0m11:12:26.927788 [debug] [Thread-4 (]: Writing runtime sql for node "test.sdg_flashtalk_demo.unique_gld_doctor_metrics_doctor_id.2c35446264"
[0m11:12:26.928396 [debug] [Thread-3 (]: Began executing node test.sdg_flashtalk_demo.unique_gld_doctor_metrics_doctor_name.df49515ccb
[0m11:12:26.932180 [debug] [Thread-3 (]: Writing runtime sql for node "test.sdg_flashtalk_demo.unique_gld_doctor_metrics_doctor_name.df49515ccb"
[0m11:12:26.933174 [debug] [Thread-4 (]: Using snowflake connection "test.sdg_flashtalk_demo.unique_gld_doctor_metrics_doctor_id.2c35446264"
[0m11:12:26.934150 [debug] [Thread-4 (]: On test.sdg_flashtalk_demo.unique_gld_doctor_metrics_doctor_id.2c35446264: /* {"app": "dbt", "dbt_version": "1.9.4", "profile_name": "sdg_flashtalk_demo", "target_name": "dev", "node_id": "test.sdg_flashtalk_demo.unique_gld_doctor_metrics_doctor_id.2c35446264"} */
select
      count(*) as failures,
      count(*) != 0 as should_warn,
      count(*) != 0 as should_error
    from (
      
    
    

select
    doctor_id as unique_field,
    count(*) as n_records

from SDG_FLASHTALK_GLD.ANALYTICS.gld_doctor_metrics
where doctor_id is not null
group by doctor_id
having count(*) > 1



      
    ) dbt_internal_test
[0m11:12:26.935171 [debug] [Thread-3 (]: Using snowflake connection "test.sdg_flashtalk_demo.unique_gld_doctor_metrics_doctor_name.df49515ccb"
[0m11:12:26.935676 [debug] [Thread-4 (]: Opening a new connection, currently in state init
[0m11:12:26.936237 [debug] [Thread-3 (]: On test.sdg_flashtalk_demo.unique_gld_doctor_metrics_doctor_name.df49515ccb: /* {"app": "dbt", "dbt_version": "1.9.4", "profile_name": "sdg_flashtalk_demo", "target_name": "dev", "node_id": "test.sdg_flashtalk_demo.unique_gld_doctor_metrics_doctor_name.df49515ccb"} */
select
      count(*) as failures,
      count(*) != 0 as should_warn,
      count(*) != 0 as should_error
    from (
      
    
    

select
    doctor_name as unique_field,
    count(*) as n_records

from SDG_FLASHTALK_GLD.ANALYTICS.gld_doctor_metrics
where doctor_name is not null
group by doctor_name
having count(*) > 1



      
    ) dbt_internal_test
[0m11:12:26.936907 [debug] [Thread-3 (]: Opening a new connection, currently in state init
[0m11:12:27.391340 [debug] [Thread-3 (]: SQL status: SUCCESS 1 in 0.454 seconds
[0m11:12:27.392114 [debug] [Thread-4 (]: SQL status: SUCCESS 1 in 0.456 seconds
[0m11:12:27.394407 [info ] [Thread-3 (]: 38 of 38 PASS unique_gld_doctor_metrics_doctor_name ............................ [[32mPASS[0m in 0.48s]
[0m11:12:27.396310 [info ] [Thread-4 (]: 37 of 38 PASS unique_gld_doctor_metrics_doctor_id .............................. [[32mPASS[0m in 0.49s]
[0m11:12:27.397008 [debug] [Thread-3 (]: Finished running node test.sdg_flashtalk_demo.unique_gld_doctor_metrics_doctor_name.df49515ccb
[0m11:12:27.397615 [debug] [Thread-4 (]: Finished running node test.sdg_flashtalk_demo.unique_gld_doctor_metrics_doctor_id.2c35446264
[0m11:12:27.400942 [debug] [Dummy-1   ]: Connection 'master' was properly closed.
[0m11:12:27.401774 [debug] [Dummy-1   ]: Connection 'test.sdg_flashtalk_demo.unique_gld_doctor_metrics_doctor_id.2c35446264' was properly closed.
[0m11:12:27.402490 [debug] [Dummy-1   ]: Connection 'test.sdg_flashtalk_demo.not_null_gld_doctor_metrics_doctor_name.71fbf5303f' was properly closed.
[0m11:12:27.402941 [debug] [Dummy-1   ]: Connection 'test.sdg_flashtalk_demo.unique_gld_doctor_metrics_doctor_name.df49515ccb' was properly closed.
[0m11:12:27.403343 [debug] [Dummy-1   ]: Connection 'test.sdg_flashtalk_demo.not_null_gld_doctor_metrics_total_appointments.149fc5af7d' was properly closed.
[0m11:12:27.403888 [info ] [Dummy-1   ]: 
[0m11:12:27.404350 [info ] [Dummy-1   ]: Finished running 5 table models, 33 data tests in 0 hours 0 minutes and 11.09 seconds (11.09s).
[0m11:12:27.409259 [debug] [Dummy-1   ]: Command end result
[0m11:12:27.439156 [debug] [Dummy-1   ]: Wrote artifact WritableManifest to /tmp/dbt/target/manifest.json
[0m11:12:27.441027 [debug] [Dummy-1   ]: Wrote artifact SemanticManifest to /tmp/dbt/target/semantic_manifest.json
[0m11:12:27.448426 [debug] [Dummy-1   ]: Wrote artifact RunExecutionResult to /tmp/dbt/target/run_results.json
[0m11:12:27.448946 [info ] [Dummy-1   ]: 
[0m11:12:27.449594 [info ] [Dummy-1   ]: [32mCompleted successfully[0m
[0m11:12:27.450194 [info ] [Dummy-1   ]: 
[0m11:12:27.451216 [info ] [Dummy-1   ]: Done. PASS=38 WARN=0 ERROR=0 SKIP=0 TOTAL=38
[0m11:12:27.453174 [debug] [Dummy-1   ]: Resource report: {"command_name": "build", "command_success": true, "command_wall_clock_time": 14.115022, "process_in_blocks": "0", "process_kernel_time": 1.05, "process_mem_max_rss": "520544", "process_out_blocks": "0", "process_user_time": 7.22}
[0m11:12:27.453804 [debug] [Dummy-1   ]: Command `cli build` succeeded at 11:12:27.453541 after 14.12 seconds
[0m11:12:27.454387 [debug] [Dummy-1   ]: Flushing usage events
